4th CBSE,,,,,,,,,,,,,,5th CBSE,,,,,,,,,,,,,,,,,,,,,,,,,,,,,,,,,,,,,,,,,,,,,,,,,,,,,,,,,,,,,,,,
#REF!,,,,,,,,,,,,,,#REF!,,,,,,,,,,,,,,,,,,,,,,,,,,,,,,,,,,,,,,,,,,,,,,,,,,,,,,,,,,,,,,,,
,,,,,,,,,,,,,% Match,,,,,,,,,,,,,,% Match,,,,,,,,,,,,,,,,,,,,,,,,,,,,,,,,,,,,,,,,,,,,,,,,,,,
,,,,,,,,,,,,,0.00%,,,,,,,,,,,,,,0.00%,,,,,,,,,,,,,,,,,,,,,,,,,,,,,,,,,,,,,,,,,,,,,,,,,,,
,,,,,,,,,,,,,0.00%,,,,,,,,,,,,,,0.00%,,,,,,,,,,,,,,,,,,,,,,,,,,,,,,,,,,,,,,,,,,,,,,,,,,,
,,,,,,,,,,,,,0.00%,,,,,,,,,,,,,,0.00%,,,,,,,,,,,,,,,,,,,,,,,,,,,,,,,,,,,,,,,,,,,,,,,,,,,
,,,,,,,,,,,,,0.00%,,,,,,,,,,,,,,0.00%,,,,,,,,,,,,,,,,,,,,,,,,,,,,,,,,,,,,,,,,,,,,,,,,,,,
,,,,,,,,,,,,,0.00%,,,,,,,,,,,,,,0.00%,,,,,,,,,,,,,,,,,,,,,,,,,,,,,,,,,,,,,,,,,,,,,,,,,,,
,,,,,,,,,,,,,0.00%,,,,,,,,,,,,,,0.00%,,,,,,,,,,,,,,,,,,,,,,,,,,,,,,,,,,,,,,,,,,,,,,,,,,,
,,,,,,,,,,,,,0.00%,,,,,,,,,,,,,,0.00%,,,,,,,,,,,,,,,,,,,,,,,,,,,,,,,,,,,,,,,,,,,,,,,,,,,
,,,,,,,,,,,,,0.00%,,,,,,,,,,,,,,0.00%,,,,,,,,,,,,,,,,,,,,,,,,,,,,,,,,,,,,,,,,,,,,,,,,,,,
,,,,,,,,,,,,,0.00%,,,,,,,,,,,,,,0.00%,,,,,,,,,,,,,,,,,,,,,,,,,,,,,,,,,,,,,,,,,,,,,,,,,,,
,,,,,,,,,,,,,0.00%,,,,,,,,,,,,,,0.00%,,,,,,,,,,,,,,,,,,,,,,,,,,,,,,,,,,,,,,,,,,,,,,,,,,,
,,,,,,,,,,,,,0.00%,,,,,,,,,,,,,,0.00%,,,,,,,,,,,,,,,,,,,,,,,,,,,,,,,,,,,,,,,,,,,,,,,,,,,
,,,,,,,,,,,,,0.00%,,,,,,,,,,,,,,0.00%,,,,,,,,,,,,,,,,,,,,,,,,,,,,,,,,,,,,,,,,,,,,,,,,,,,
,,,,,,,,,,,,,0.00%,,,,,,,,,,,,,,0.00%,,,,,,,,,,,,,,,,,,,,,,,,,,,,,,,,,,,,,,,,,,,,,,,,,,,
,,,,,,,,,,,,,0.00%,,,,,,,,,,,,,,0.00%,,,,,,,,,,,,,,,,,,,,,,,,,,,,,,,,,,,,,,,,,,,,,,,,,,,
,,,,,,,,,,,,,0.00%,,,,,,,,,,,,,,0.00%,,,,,,,,,,,,,,,,,,,,,,,,,,,,,,,,,,,,,,,,,,,,,,,,,,,
,,,,,,,,,,,,,0.00%,,,,,,,,,,,,,,0.00%,,,,,,,,,,,,,,,,,,,,,,,,,,,,,,,,,,,,,,,,,,,,,,,,,,,
,,,,,,,,,,,,,0.00%,,,,,,,,,,,,,,0.00%,,,,,,,,,,,,,,,,,,,,,,,,,,,,,,,,,,,,,,,,,,,,,,,,,,,
,,,,,,,,,,,,,0.00%,,,,,,,,,,,,,,0.00%,,,,,,,,,,,,,,,,,,,,,,,,,,,,,,,,,,,,,,,,,,,,,,,,,,,
,,,,,,,,,,,,,0.00%,,,,,,,,,,,,,,0.00%,,,,,,,,,,,,,,,,,,,,,,,,,,,,,,,,,,,,,,,,,,,,,,,,,,,
,,,,,,,,,,,,,0.00%,,,,,,,,,,,,,,0.00%,,,,,,,,,,,,,,,,,,,,,,,,,,,,,,,,,,,,,,,,,,,,,,,,,,,
,,,,,,,,,,,,,0.00%,,,,,,,,,,,,,,0.00%,,,,,,,,,,,,,,,,,,,,,,,,,,,,,,,,,,,,,,,,,,,,,,,,,,,
,,,,,,,,,,,,,0.00%,,,,,,,,,,,,,,0.00%,,,,,,,,,,,,,,,,,,,,,,,,,,,,,,,,,,,,,,,,,,,,,,,,,,,
,,,,,,,,,,,,,0.00%,,,,,,,,,,,,,,0.00%,,,,,,,,,,,,,,,,,,,,,,,,,,,,,,,,,,,,,,,,,,,,,,,,,,,
,,,,,,,,,,,,,0.00%,,,,,,,,,,,,,,0.00%,,,,,,,,,,,,,,,,,,,,,,,,,,,,,,,,,,,,,,,,,,,,,,,,,,,
,,,,,,,,,,,,,0.00%,,,,,,,,,,,,,,0.00%,,,,,,,,,,,,,,,,,,,,,,,,,,,,,,,,,,,,,,,,,,,,,,,,,,,
,,,,,,,,,,,,,0.00%,,,,,,,,,,,,,,0.00%,,,,,,,,,,,,,,,,,,,,,,,,,,,,,,,,,,,,,,,,,,,,,,,,,,,
,,,,,,,,,,,,,0.00%,,,,,,,,,,,,,,0.00%,,,,,,,,,,,,,,,,,,,,,,,,,,,,,,,,,,,,,,,,,,,,,,,,,,,
,,,,,,,,,,,,,0.00%,,,,,,,,,,,,,,0.00%,,,,,,,,,,,,,,,,,,,,,,,,,,,,,,,,,,,,,,,,,,,,,,,,,,,
,,,,,,,,,,,,,0.00%,,,,,,,,,,,,,,0.00%,,,,,,,,,,,,,,,,,,,,,,,,,,,,,,,,,,,,,,,,,,,,,,,,,,,
,,,,,,,,,,,,,0.00%,,,,,,,,,,,,,,0.00%,,,,,,,,,,,,,,,,,,,,,,,,,,,,,,,,,,,,,,,,,,,,,,,,,,,
,,,,,,,,,,,,,0.00%,,,,,,,,,,,,,,0.00%,,,,,,,,,,,,,,,,,,,,,,,,,,,,,,,,,,,,,,,,,,,,,,,,,,,
,,,,,,,,,,,,,0.00%,,,,,,,,,,,,,,0.00%,,,,,,,,,,,,,,,,,,,,,,,,,,,,,,,,,,,,,,,,,,,,,,,,,,,
,,,,,,,,,,,,,0.00%,,,,,,,,,,,,,,0.00%,,,,,,,,,,,,,,,,,,,,,,,,,,,,,,,,,,,,,,,,,,,,,,,,,,,
,,,,,,,,,,,,,0.00%,,,,,,,,,,,,,,0.00%,,,,,,,,,,,,,,,,,,,,,,,,,,,,,,,,,,,,,,,,,,,,,,,,,,,
,,,,,,,,,,,,,0.00%,,,,,,,,,,,,,,0.00%,,,,,,,,,,,,,,,,,,,,,,,,,,,,,,,,,,,,,,,,,,,,,,,,,,,
,,,,,,,,,,,,,0.00%,,,,,,,,,,,,,,0.00%,,,,,,,,,,,,,,,,,,,,,,,,,,,,,,,,,,,,,,,,,,,,,,,,,,,
,,,,,,,,,,,,,0.00%,,,,,,,,,,,,,,0.00%,,,,,,,,,,,,,,,,,,,,,,,,,,,,,,,,,,,,,,,,,,,,,,,,,,,
,,,,,,,,,,,,,0.00%,,,,,,,,,,,,,,0.00%,,,,,,,,,,,,,,,,,,,,,,,,,,,,,,,,,,,,,,,,,,,,,,,,,,,
,,,,,,,,,,,,,0.00%,,,,,,,,,,,,,,0.00%,,,,,,,,,,,,,,,,,,,,,,,,,,,,,,,,,,,,,,,,,,,,,,,,,,,
,,,,,,,,,,,,,0.00%,,,,,,,,,,,,,,0.00%,,,,,,,,,,,,,,,,,,,,,,,,,,,,,,,,,,,,,,,,,,,,,,,,,,,
,,,,,,,,,,,,,0.00%,,,,,,,,,,,,,,0.00%,,,,,,,,,,,,,,,,,,,,,,,,,,,,,,,,,,,,,,,,,,,,,,,,,,,
,,,,,,,,,,,,,0.00%,,,,,,,,,,,,,,0.00%,,,,,,,,,,,,,,,,,,,,,,,,,,,,,,,,,,,,,,,,,,,,,,,,,,,
,,,,,,,,,,,,,0.00%,,,,,,,,,,,,,,0.00%,,,,,,,,,,,,,,,,,,,,,,,,,,,,,,,,,,,,,,,,,,,,,,,,,,,
,,,,,,,,,,,,,0.00%,,,,,,,,,,,,,,0.00%,,,,,,,,,,,,,,,,,,,,,,,,,,,,,,,,,,,,,,,,,,,,,,,,,,,
,,,,,,,,,,,,,0.00%,,,,,,,,,,,,,,0.00%,,,,,,,,,,,,,,,,,,,,,,,,,,,,,,,,,,,,,,,,,,,,,,,,,,,
,,,,,,,,,,,,,0.00%,,,,,,,,,,,,,,0.00%,,,,,,,,,,,,,,,,,,,,,,,,,,,,,,,,,,,,,,,,,,,,,,,,,,,
,,,,,,,,,,,,,0.00%,,,,,,,,,,,,,,0.00%,,,,,,,,,,,,,,,,,,,,,,,,,,,,,,,,,,,,,,,,,,,,,,,,,,,
,,,,,,,,,,,,,0.00%,,,,,,,,,,,,,,0.00%,,,,,,,,,,,,,,,,,,,,,,,,,,,,,,,,,,,,,,,,,,,,,,,,,,,
,,,,,,,,,,,,,0.00%,,,,,,,,,,,,,,0.00%,,,,,,,,,,,,,,,,,,,,,,,,,,,,,,,,,,,,,,,,,,,,,,,,,,,
,,,,,,,,,,,,,0.00%,,,,,,,,,,,,,,0.00%,,,,,,,,,,,,,,,,,,,,,,,,,,,,,,,,,,,,,,,,,,,,,,,,,,,
,,,,,,,,,,,,,0.00%,,,,,,,,,,,,,,0.00%,,,,,,,,,,,,,,,,,,,,,,,,,,,,,,,,,,,,,,,,,,,,,,,,,,,
,,,,,,,,,,,,,0.00%,,,,,,,,,,,,,,0.00%,,,,,,,,,,,,,,,,,,,,,,,,,,,,,,,,,,,,,,,,,,,,,,,,,,,
,,,,,,,,,,,,,0.00%,,,,,,,,,,,,,,0.00%,,,,,,,,,,,,,,,,,,,,,,,,,,,,,,,,,,,,,,,,,,,,,,,,,,,
,,,,,,,,,,,,,0.00%,,,,,,,,,,,,,,0.00%,,,,,,,,,,,,,,,,,,,,,,,,,,,,,,,,,,,,,,,,,,,,,,,,,,,
,,,,,,,,,,,,,0.00%,,,,,,,,,,,,,,0.00%,,,,,,,,,,,,,,,,,,,,,,,,,,,,,,,,,,,,,,,,,,,,,,,,,,,
,,,,,,,,,,,,,0.00%,,,,,,,,,,,,,,0.00%,,,,,,,,,,,,,,,,,,,,,,,,,,,,,,,,,,,,,,,,,,,,,,,,,,,
,,,,,,,,,,,,,0.00%,,,,,,,,,,,,,,0.00%,,,,,,,,,,,,,,,,,,,,,,,,,,,,,,,,,,,,,,,,,,,,,,,,,,,
,,,,,,,,,,,,,0.00%,,,,,,,,,,,,,,0.00%,,,,,,,,,,,,,,,,,,,,,,,,,,,,,,,,,,,,,,,,,,,,,,,,,,,
,,,,,,,,,,,,,0.00%,,,,,,,,,,,,,,0.00%,,,,,,,,,,,,,,,,,,,,,,,,,,,,,,,,,,,,,,,,,,,,,,,,,,,
,,,,,,,,,,,,,0.00%,,,,,,,,,,,,,,0.00%,,,,,,,,,,,,,,,,,,,,,,,,,,,,,,,,,,,,,,,,,,,,,,,,,,,
,,,,,,,,,,,,,0.00%,,,,,,,,,,,,,,0.00%,,,,,,,,,,,,,,,,,,,,,,,,,,,,,,,,,,,,,,,,,,,,,,,,,,,
,,,,,,,,,,,,,0.00%,,,,,,,,,,,,,,0.00%,,,,,,,,,,,,,,,,,,,,,,,,,,,,,,,,,,,,,,,,,,,,,,,,,,,
,,,,,,,,,,,,,0.00%,,,,,,,,,,,,,,0.00%,,,,,,,,,,,,,,,,,,,,,,,,,,,,,,,,,,,,,,,,,,,,,,,,,,,
,,,,,,,,,,,,,0.00%,,,,,,,,,,,,,,0.00%,,,,,,,,,,,,,,,,,,,,,,,,,,,,,,,,,,,,,,,,,,,,,,,,,,,
,,,,,,,,,,,,,0.00%,,,,,,,,,,,,,,0.00%,,,,,,,,,,,,,,,,,,,,,,,,,,,,,,,,,,,,,,,,,,,,,,,,,,,
,,,,,,,,,,,,,0.00%,,,,,,,,,,,,,,0.00%,,,,,,,,,,,,,,,,,,,,,,,,,,,,,,,,,,,,,,,,,,,,,,,,,,,
,,,,,,,,,,,,,0.00%,,,,,,,,,,,,,,0.00%,,,,,,,,,,,,,,,,,,,,,,,,,,,,,,,,,,,,,,,,,,,,,,,,,,,
,,,,,,,,,,,,,0.00%,,,,,,,,,,,,,,0.00%,,,,,,,,,,,,,,,,,,,,,,,,,,,,,,,,,,,,,,,,,,,,,,,,,,,
,,,,,,,,,,,,,0.00%,,,,,,,,,,,,,,0.00%,,,,,,,,,,,,,,,,,,,,,,,,,,,,,,,,,,,,,,,,,,,,,,,,,,,
,,,,,,,,,,,,,0.00%,,,,,,,,,,,,,,0.00%,,,,,,,,,,,,,,,,,,,,,,,,,,,,,,,,,,,,,,,,,,,,,,,,,,,
,,,,,,,,,,,,,0.00%,,,,,,,,,,,,,,0.00%,,,,,,,,,,,,,,,,,,,,,,,,,,,,,,,,,,,,,,,,,,,,,,,,,,,
,,,,,,,,,,,,,0.00%,,,,,,,,,,,,,,0.00%,,,,,,,,,,,,,,,,,,,,,,,,,,,,,,,,,,,,,,,,,,,,,,,,,,,
,,,,,,,,,,,,,0.00%,,,,,,,,,,,,,,0.00%,,,,,,,,,,,,,,,,,,,,,,,,,,,,,,,,,,,,,,,,,,,,,,,,,,,
,,,,,,,,,,,,,0.00%,,,,,,,,,,,,,,0.00%,,,,,,,,,,,,,,,,,,,,,,,,,,,,,,,,,,,,,,,,,,,,,,,,,,,
,,,,,,,,,,,,,0.00%,,,,,,,,,,,,,,0.00%,,,,,,,,,,,,,,,,,,,,,,,,,,,,,,,,,,,,,,,,,,,,,,,,,,,
,,,,,,,,,,,,,0.00%,,,,,,,,,,,,,,0.00%,,,,,,,,,,,,,,,,,,,,,,,,,,,,,,,,,,,,,,,,,,,,,,,,,,,
,,,,,,,,,,,,,0.00%,,,,,,,,,,,,,,0.00%,,,,,,,,,,,,,,,,,,,,,,,,,,,,,,,,,,,,,,,,,,,,,,,,,,,
,,,,,,,,,,,,,0.00%,,,,,,,,,,,,,,0.00%,,,,,,,,,,,,,,,,,,,,,,,,,,,,,,,,,,,,,,,,,,,,,,,,,,,
,,,,,,,,,,,,,0.00%,,,,,,,,,,,,,,0.00%,,,,,,,,,,,,,,,,,,,,,,,,,,,,,,,,,,,,,,,,,,,,,,,,,,,
,,,,,,,,,,,,,0.00%,,,,,,,,,,,,,,0.00%,,,,,,,,,,,,,,,,,,,,,,,,,,,,,,,,,,,,,,,,,,,,,,,,,,,
,,,,,,,,,,,,,0.00%,,,,,,,,,,,,,,0.00%,,,,,,,,,,,,,,,,,,,,,,,,,,,,,,,,,,,,,,,,,,,,,,,,,,,
,,,,,,,,,,,,,0.00%,,,,,,,,,,,,,,0.00%,,,,,,,,,,,,,,,,,,,,,,,,,,,,,,,,,,,,,,,,,,,,,,,,,,,
,,,,,,,,,,,,,0.00%,,,,,,,,,,,,,,0.00%,,,,,,,,,,,,,,,,,,,,,,,,,,,,,,,,,,,,,,,,,,,,,,,,,,,
,,,,,,,,,,,,,0.00%,,,,,,,,,,,,,,0.00%,,,,,,,,,,,,,,,,,,,,,,,,,,,,,,,,,,,,,,,,,,,,,,,,,,,
,,,,,,,,,,,,,0.00%,,,,,,,,,,,,,,0.00%,,,,,,,,,,,,,,,,,,,,,,,,,,,,,,,,,,,,,,,,,,,,,,,,,,,
,,,,,,,,,,,,,0.00%,,,,,,,,,,,,,,0.00%,,,,,,,,,,,,,,,,,,,,,,,,,,,,,,,,,,,,,,,,,,,,,,,,,,,
,,,,,,,,,,,,,0.00%,,,,,,,,,,,,,,0.00%,,,,,,,,,,,,,,,,,,,,,,,,,,,,,,,,,,,,,,,,,,,,,,,,,,,
,,,,,,,,,,,,,0.00%,,,,,,,,,,,,,,0.00%,,,,,,,,,,,,,,,,,,,,,,,,,,,,,,,,,,,,,,,,,,,,,,,,,,,
,,,,,,,,,,,,,0.00%,,,,,,,,,,,,,,0.00%,,,,,,,,,,,,,,,,,,,,,,,,,,,,,,,,,,,,,,,,,,,,,,,,,,,
,,,,,,,,,,,,,0.00%,,,,,,,,,,,,,,0.00%,,,,,,,,,,,,,,,,,,,,,,,,,,,,,,,,,,,,,,,,,,,,,,,,,,,
,,,,,,,,,,,,,0.00%,,,,,,,,,,,,,,0.00%,,,,,,,,,,,,,,,,,,,,,,,,,,,,,,,,,,,,,,,,,,,,,,,,,,,
,,,,,,,,,,,,,0.00%,,,,,,,,,,,,,,0.00%,,,,,,,,,,,,,,,,,,,,,,,,,,,,,,,,,,,,,,,,,,,,,,,,,,,
,,,,,,,,,,,,,0.00%,,,,,,,,,,,,,,0.00%,,,,,,,,,,,,,,,,,,,,,,,,,,,,,,,,,,,,,,,,,,,,,,,,,,,
,,,,,,,,,,,,,0.00%,,,,,,,,,,,,,,0.00%,,,,,,,,,,,,,,,,,,,,,,,,,,,,,,,,,,,,,,,,,,,,,,,,,,,
,,,,,,,,,,,,,0.00%,,,,,,,,,,,,,,0.00%,,,,,,,,,,,,,,,,,,,,,,,,,,,,,,,,,,,,,,,,,,,,,,,,,,,
,,,,,,,,,,,,,0.00%,,,,,,,,,,,,,,0.00%,,,,,,,,,,,,,,,,,,,,,,,,,,,,,,,,,,,,,,,,,,,,,,,,,,,
,,,,,,,,,,,,,0.00%,,,,,,,,,,,,,,0.00%,,,,,,,,,,,,,,,,,,,,,,,,,,,,,,,,,,,,,,,,,,,,,,,,,,,
,,,,,,,,,,,,,0.00%,,,,,,,,,,,,,,0.00%,,,,,,,,,,,,,,,,,,,,,,,,,,,,,,,,,,,,,,,,,,,,,,,,,,,
,,,,,,,,,,,,,0.00%,,,,,,,,,,,,,,0.00%,,,,,,,,,,,,,,,,,,,,,,,,,,,,,,,,,,,,,,,,,,,,,,,,,,,
,,,,,,,,,,,,,0.00%,,,,,,,,,,,,,,0.00%,,,,,,,,,,,,,,,,,,,,,,,,,,,,,,,,,,,,,,,,,,,,,,,,,,,
,,,,,,,,,,,,,0.00%,,,,,,,,,,,,,,0.00%,,,,,,,,,,,,,,,,,,,,,,,,,,,,,,,,,,,,,,,,,,,,,,,,,,,
,,,,,,,,,,,,,0.00%,,,,,,,,,,,,,,0.00%,,,,,,,,,,,,,,,,,,,,,,,,,,,,,,,,,,,,,,,,,,,,,,,,,,,
,,,,,,,,,,,,,0.00%,,,,,,,,,,,,,,0.00%,,,,,,,,,,,,,,,,,,,,,,,,,,,,,,,,,,,,,,,,,,,,,,,,,,,
,,,,,,,,,,,,,0.00%,,,,,,,,,,,,,,0.00%,,,,,,,,,,,,,,,,,,,,,,,,,,,,,,,,,,,,,,,,,,,,,,,,,,,
,,,,,,,,,,,,,0.00%,,,,,,,,,,,,,,0.00%,,,,,,,,,,,,,,,,,,,,,,,,,,,,,,,,,,,,,,,,,,,,,,,,,,,
,,,,,,,,,,,,,0.00%,,,,,,,,,,,,,,0.00%,,,,,,,,,,,,,,,,,,,,,,,,,,,,,,,,,,,,,,,,,,,,,,,,,,,
,,,,,,,,,,,,,0.00%,,,,,,,,,,,,,,0.00%,,,,,,,,,,,,,,,,,,,,,,,,,,,,,,,,,,,,,,,,,,,,,,,,,,,
,,,,,,,,,,,,,0.00%,,,,,,,,,,,,,,0.00%,,,,,,,,,,,,,,,,,,,,,,,,,,,,,,,,,,,,,,,,,,,,,,,,,,,
,,,,,,,,,,,,,0.00%,,,,,,,,,,,,,,0.00%,,,,,,,,,,,,,,,,,,,,,,,,,,,,,,,,,,,,,,,,,,,,,,,,,,,
,,,,,,,,,,,,,0.00%,,,,,,,,,,,,,,0.00%,,,,,,,,,,,,,,,,,,,,,,,,,,,,,,,,,,,,,,,,,,,,,,,,,,,
,,,,,,,,,,,,,0.00%,,,,,,,,,,,,,,0.00%,,,,,,,,,,,,,,,,,,,,,,,,,,,,,,,,,,,,,,,,,,,,,,,,,,,
,,,,,,,,,,,,,0.00%,,,,,,,,,,,,,,0.00%,,,,,,,,,,,,,,,,,,,,,,,,,,,,,,,,,,,,,,,,,,,,,,,,,,,
,,,,,,,,,,,,,0.00%,,,,,,,,,,,,,,0.00%,,,,,,,,,,,,,,,,,,,,,,,,,,,,,,,,,,,,,,,,,,,,,,,,,,,
,,,,,,,,,,,,,0.00%,,,,,,,,,,,,,,0.00%,,,,,,,,,,,,,,,,,,,,,,,,,,,,,,,,,,,,,,,,,,,,,,,,,,,
,,,,,,,,,,,,,0.00%,,,,,,,,,,,,,,0.00%,,,,,,,,,,,,,,,,,,,,,,,,,,,,,,,,,,,,,,,,,,,,,,,,,,,
,,,,,,,,,,,,,0.00%,,,,,,,,,,,,,,0.00%,,,,,,,,,,,,,,,,,,,,,,,,,,,,,,,,,,,,,,,,,,,,,,,,,,,
,,,,,,,,,,,,,0.00%,,,,,,,,,,,,,,0.00%,,,,,,,,,,,,,,,,,,,,,,,,,,,,,,,,,,,,,,,,,,,,,,,,,,,
,,,,,,,,,,,,,0.00%,,,,,,,,,,,,,,0.00%,,,,,,,,,,,,,,,,,,,,,,,,,,,,,,,,,,,,,,,,,,,,,,,,,,,
,,,,,,,,,,,,,0.00%,,,,,,,,,,,,,,0.00%,,,,,,,,,,,,,,,,,,,,,,,,,,,,,,,,,,,,,,,,,,,,,,,,,,,
,,,,,,,,,,,,,0.00%,,,,,,,,,,,,,,0.00%,,,,,,,,,,,,,,,,,,,,,,,,,,,,,,,,,,,,,,,,,,,,,,,,,,,
,,,,,,,,,,,,,0.00%,,,,,,,,,,,,,,0.00%,,,,,,,,,,,,,,,,,,,,,,,,,,,,,,,,,,,,,,,,,,,,,,,,,,,
,,,,,,,,,,,,,0.00%,,,,,,,,,,,,,,0.00%,,,,,,,,,,,,,,,,,,,,,,,,,,,,,,,,,,,,,,,,,,,,,,,,,,,
,,,,,,,,,,,,,0.00%,,,,,,,,,,,,,,0.00%,,,,,,,,,,,,,,,,,,,,,,,,,,,,,,,,,,,,,,,,,,,,,,,,,,,
,,,,,,,,,,,,,0.00%,,,,,,,,,,,,,,0.00%,,,,,,,,,,,,,,,,,,,,,,,,,,,,,,,,,,,,,,,,,,,,,,,,,,,
,,,,,,,,,,,,,0.00%,,,,,,,,,,,,,,0.00%,,,,,,,,,,,,,,,,,,,,,,,,,,,,,,,,,,,,,,,,,,,,,,,,,,,
,,,,,,,,,,,,,0.00%,,,,,,,,,,,,,,0.00%,,,,,,,,,,,,,,,,,,,,,,,,,,,,,,,,,,,,,,,,,,,,,,,,,,,
,,,,,,,,,,,,,0.00%,,,,,,,,,,,,,,0.00%,,,,,,,,,,,,,,,,,,,,,,,,,,,,,,,,,,,,,,,,,,,,,,,,,,,
,,,,,,,,,,,,,0.00%,,,,,,,,,,,,,,0.00%,,,,,,,,,,,,,,,,,,,,,,,,,,,,,,,,,,,,,,,,,,,,,,,,,,,
,,,,,,,,,,,,,0.00%,,,,,,,,,,,,,,0.00%,,,,,,,,,,,,,,,,,,,,,,,,,,,,,,,,,,,,,,,,,,,,,,,,,,,
,,,,,,,,,,,,,0.00%,,,,,,,,,,,,,,0.00%,,,,,,,,,,,,,,,,,,,,,,,,,,,,,,,,,,,,,,,,,,,,,,,,,,,
,,,,,,,,,,,,,0.00%,,,,,,,,,,,,,,0.00%,,,,,,,,,,,,,,,,,,,,,,,,,,,,,,,,,,,,,,,,,,,,,,,,,,,
,,,,,,,,,,,,,0.00%,,,,,,,,,,,,,,0.00%,,,,,,,,,,,,,,,,,,,,,,,,,,,,,,,,,,,,,,,,,,,,,,,,,,,
,,,,,,,,,,,,,0.00%,,,,,,,,,,,,,,0.00%,,,,,,,,,,,,,,,,,,,,,,,,,,,,,,,,,,,,,,,,,,,,,,,,,,,
,,,,,,,,,,,,,0.00%,,,,,,,,,,,,,,0.00%,,,,,,,,,,,,,,,,,,,,,,,,,,,,,,,,,,,,,,,,,,,,,,,,,,,
,,,,,,,,,,,,,0.00%,,,,,,,,,,,,,,0.00%,,,,,,,,,,,,,,,,,,,,,,,,,,,,,,,,,,,,,,,,,,,,,,,,,,,
,,,,,,,,,,,,,0.00%,,,,,,,,,,,,,,0.00%,,,,,,,,,,,,,,,,,,,,,,,,,,,,,,,,,,,,,,,,,,,,,,,,,,,
,,,,,,,,,,,,,0.00%,,,,,,,,,,,,,,0.00%,,,,,,,,,,,,,,,,,,,,,,,,,,,,,,,,,,,,,,,,,,,,,,,,,,,
,,,,,,,,,,,,,0.00%,,,,,,,,,,,,,,0.00%,,,,,,,,,,,,,,,,,,,,,,,,,,,,,,,,,,,,,,,,,,,,,,,,,,,
,,,,,,,,,,,,,0.00%,,,,,,,,,,,,,,0.00%,,,,,,,,,,,,,,,,,,,,,,,,,,,,,,,,,,,,,,,,,,,,,,,,,,,
,,,,,,,,,,,,,0.00%,,,,,,,,,,,,,,0.00%,,,,,,,,,,,,,,,,,,,,,,,,,,,,,,,,,,,,,,,,,,,,,,,,,,,
,,,,,,,,,,,,,0.00%,,,,,,,,,,,,,,0.00%,,,,,,,,,,,,,,,,,,,,,,,,,,,,,,,,,,,,,,,,,,,,,,,,,,,
,,,,,,,,,,,,,0.00%,,,,,,,,,,,,,,0.00%,,,,,,,,,,,,,,,,,,,,,,,,,,,,,,,,,,,,,,,,,,,,,,,,,,,
,,,,,,,,,,,,,0.00%,,,,,,,,,,,,,,0.00%,,,,,,,,,,,,,,,,,,,,,,,,,,,,,,,,,,,,,,,,,,,,,,,,,,,
,,,,,,,,,,,,,0.00%,,,,,,,,,,,,,,0.00%,,,,,,,,,,,,,,,,,,,,,,,,,,,,,,,,,,,,,,,,,,,,,,,,,,,
,,,,,,,,,,,,,0.00%,,,,,,,,,,,,,,0.00%,,,,,,,,,,,,,,,,,,,,,,,,,,,,,,,,,,,,,,,,,,,,,,,,,,,
,,,,,,,,,,,,,0.00%,,,,,,,,,,,,,,0.00%,,,,,,,,,,,,,,,,,,,,,,,,,,,,,,,,,,,,,,,,,,,,,,,,,,,
,,,,,,,,,,,,,0.00%,,,,,,,,,,,,,,0.00%,,,,,,,,,,,,,,,,,,,,,,,,,,,,,,,,,,,,,,,,,,,,,,,,,,,
,,,,,,,,,,,,,0.00%,,,,,,,,,,,,,,0.00%,,,,,,,,,,,,,,,,,,,,,,,,,,,,,,,,,,,,,,,,,,,,,,,,,,,
,,,,,,,,,,,,,0.00%,,,,,,,,,,,,,,0.00%,,,,,,,,,,,,,,,,,,,,,,,,,,,,,,,,,,,,,,,,,,,,,,,,,,,
,,,,,,,,,,,,,0.00%,,,,,,,,,,,,,,0.00%,,,,,,,,,,,,,,,,,,,,,,,,,,,,,,,,,,,,,,,,,,,,,,,,,,,
,,,,,,,,,,,,,0.00%,,,,,,,,,,,,,,0.00%,,,,,,,,,,,,,,,,,,,,,,,,,,,,,,,,,,,,,,,,,,,,,,,,,,,
,,,,,,,,,,,,,0.00%,,,,,,,,,,,,,,0.00%,,,,,,,,,,,,,,,,,,,,,,,,,,,,,,,,,,,,,,,,,,,,,,,,,,,
,,,,,,,,,,,,,0.00%,,,,,,,,,,,,,,0.00%,,,,,,,,,,,,,,,,,,,,,,,,,,,,,,,,,,,,,,,,,,,,,,,,,,,
,,,,,,,,,,,,,0.00%,,,,,,,,,,,,,,0.00%,,,,,,,,,,,,,,,,,,,,,,,,,,,,,,,,,,,,,,,,,,,,,,,,,,,
,,,,,,,,,,,,,0.00%,,,,,,,,,,,,,,0.00%,,,,,,,,,,,,,,,,,,,,,,,,,,,,,,,,,,,,,,,,,,,,,,,,,,,
,,,,,,,,,,,,,0.00%,,,,,,,,,,,,,,0.00%,,,,,,,,,,,,,,,,,,,,,,,,,,,,,,,,,,,,,,,,,,,,,,,,,,,
,,,,,,,,,,,,,0.00%,,,,,,,,,,,,,,0.00%,,,,,,,,,,,,,,,,,,,,,,,,,,,,,,,,,,,,,,,,,,,,,,,,,,,
,,,,,,,,,,,,,0.00%,,,,,,,,,,,,,,0.00%,,,,,,,,,,,,,,,,,,,,,,,,,,,,,,,,,,,,,,,,,,,,,,,,,,,
,,,,,,,,,,,,,0.00%,,,,,,,,,,,,,,0.00%,,,,,,,,,,,,,,,,,,,,,,,,,,,,,,,,,,,,,,,,,,,,,,,,,,,
,,,,,,,,,,,,,0.00%,,,,,,,,,,,,,,0.00%,,,,,,,,,,,,,,,,,,,,,,,,,,,,,,,,,,,,,,,,,,,,,,,,,,,
,,,,,,,,,,,,,0.00%,,,,,,,,,,,,,,0.00%,,,,,,,,,,,,,,,,,,,,,,,,,,,,,,,,,,,,,,,,,,,,,,,,,,,
,,,,,,,,,,,,,0.00%,,,,,,,,,,,,,,0.00%,,,,,,,,,,,,,,,,,,,,,,,,,,,,,,,,,,,,,,,,,,,,,,,,,,,
,,,,,,,,,,,,,0.00%,,,,,,,,,,,,,,0.00%,,,,,,,,,,,,,,,,,,,,,,,,,,,,,,,,,,,,,,,,,,,,,,,,,,,
,,,,,,,,,,,,,0.00%,,,,,,,,,,,,,,0.00%,,,,,,,,,,,,,,,,,,,,,,,,,,,,,,,,,,,,,,,,,,,,,,,,,,,
,,,,,,,,,,,,,0.00%,,,,,,,,,,,,,,0.00%,,,,,,,,,,,,,,,,,,,,,,,,,,,,,,,,,,,,,,,,,,,,,,,,,,,
,,,,,,,,,,,,,0.00%,,,,,,,,,,,,,,0.00%,,,,,,,,,,,,,,,,,,,,,,,,,,,,,,,,,,,,,,,,,,,,,,,,,,,
,,,,,,,,,,,,,0.00%,,,,,,,,,,,,,,0.00%,,,,,,,,,,,,,,,,,,,,,,,,,,,,,,,,,,,,,,,,,,,,,,,,,,,
,,,,,,,,,,,,,0.00%,,,,,,,,,,,,,,0.00%,,,,,,,,,,,,,,,,,,,,,,,,,,,,,,,,,,,,,,,,,,,,,,,,,,,
,,,,,,,,,,,,,0.00%,,,,,,,,,,,,,,0.00%,,,,,,,,,,,,,,,,,,,,,,,,,,,,,,,,,,,,,,,,,,,,,,,,,,,
,,,,,,,,,,,,,0.00%,,,,,,,,,,,,,,0.00%,,,,,,,,,,,,,,,,,,,,,,,,,,,,,,,,,,,,,,,,,,,,,,,,,,,
,,,,,,,,,,,,,0.00%,,,,,,,,,,,,,,0.00%,,,,,,,,,,,,,,,,,,,,,,,,,,,,,,,,,,,,,,,,,,,,,,,,,,,
,,,,,,,,,,,,,0.00%,,,,,,,,,,,,,,0.00%,,,,,,,,,,,,,,,,,,,,,,,,,,,,,,,,,,,,,,,,,,,,,,,,,,,
,,,,,,,,,,,,,0.00%,,,,,,,,,,,,,,0.00%,,,,,,,,,,,,,,,,,,,,,,,,,,,,,,,,,,,,,,,,,,,,,,,,,,,
,,,,,,,,,,,,,0.00%,,,,,,,,,,,,,,0.00%,,,,,,,,,,,,,,,,,,,,,,,,,,,,,,,,,,,,,,,,,,,,,,,,,,,
,,,,,,,,,,,,,0.00%,,,,,,,,,,,,,,0.00%,,,,,,,,,,,,,,,,,,,,,,,,,,,,,,,,,,,,,,,,,,,,,,,,,,,
,,,,,,,,,,,,,0.00%,,,,,,,,,,,,,,0.00%,,,,,,,,,,,,,,,,,,,,,,,,,,,,,,,,,,,,,,,,,,,,,,,,,,,
,,,,,,,,,,,,,0.00%,,,,,,,,,,,,,,0.00%,,,,,,,,,,,,,,,,,,,,,,,,,,,,,,,,,,,,,,,,,,,,,,,,,,,
,,,,,,,,,,,,,0.00%,,,,,,,,,,,,,,0.00%,,,,,,,,,,,,,,,,,,,,,,,,,,,,,,,,,,,,,,,,,,,,,,,,,,,
,,,,,,,,,,,,,0.00%,,,,,,,,,,,,,,0.00%,,,,,,,,,,,,,,,,,,,,,,,,,,,,,,,,,,,,,,,,,,,,,,,,,,,
,,,,,,,,,,,,,0.00%,,,,,,,,,,,,,,0.00%,,,,,,,,,,,,,,,,,,,,,,,,,,,,,,,,,,,,,,,,,,,,,,,,,,,
,,,,,,,,,,,,,0.00%,,,,,,,,,,,,,,0.00%,,,,,,,,,,,,,,,,,,,,,,,,,,,,,,,,,,,,,,,,,,,,,,,,,,,
,,,,,,,,,,,,,0.00%,,,,,,,,,,,,,,0.00%,,,,,,,,,,,,,,,,,,,,,,,,,,,,,,,,,,,,,,,,,,,,,,,,,,,
,,,,,,,,,,,,,0.00%,,,,,,,,,,,,,,0.00%,,,,,,,,,,,,,,,,,,,,,,,,,,,,,,,,,,,,,,,,,,,,,,,,,,,
,,,,,,,,,,,,,0.00%,,,,,,,,,,,,,,0.00%,,,,,,,,,,,,,,,,,,,,,,,,,,,,,,,,,,,,,,,,,,,,,,,,,,,
,,,,,,,,,,,,,0.00%,,,,,,,,,,,,,,0.00%,,,,,,,,,,,,,,,,,,,,,,,,,,,,,,,,,,,,,,,,,,,,,,,,,,,
,,,,,,,,,,,,,0.00%,,,,,,,,,,,,,,0.00%,,,,,,,,,,,,,,,,,,,,,,,,,,,,,,,,,,,,,,,,,,,,,,,,,,,
,,,,,,,,,,,,,0.00%,,,,,,,,,,,,,,0.00%,,,,,,,,,,,,,,,,,,,,,,,,,,,,,,,,,,,,,,,,,,,,,,,,,,,
,,,,,,,,,,,,,0.00%,,,,,,,,,,,,,,0.00%,,,,,,,,,,,,,,,,,,,,,,,,,,,,,,,,,,,,,,,,,,,,,,,,,,,
,,,,,,,,,,,,,0.00%,,,,,,,,,,,,,,0.00%,,,,,,,,,,,,,,,,,,,,,,,,,,,,,,,,,,,,,,,,,,,,,,,,,,,
,,,,,,,,,,,,,0.00%,,,,,,,,,,,,,,0.00%,,,,,,,,,,,,,,,,,,,,,,,,,,,,,,,,,,,,,,,,,,,,,,,,,,,
,,,,,,,,,,,,,0.00%,,,,,,,,,,,,,,0.00%,,,,,,,,,,,,,,,,,,,,,,,,,,,,,,,,,,,,,,,,,,,,,,,,,,,
,,,,,,,,,,,,,0.00%,,,,,,,,,,,,,,0.00%,,,,,,,,,,,,,,,,,,,,,,,,,,,,,,,,,,,,,,,,,,,,,,,,,,,
,,,,,,,,,,,,,0.00%,,,,,,,,,,,,,,0.00%,,,,,,,,,,,,,,,,,,,,,,,,,,,,,,,,,,,,,,,,,,,,,,,,,,,
,,,,,,,,,,,,,0.00%,,,,,,,,,,,,,,0.00%,,,,,,,,,,,,,,,,,,,,,,,,,,,,,,,,,,,,,,,,,,,,,,,,,,,
,,,,,,,,,,,,,0.00%,,,,,,,,,,,,,,0.00%,,,,,,,,,,,,,,,,,,,,,,,,,,,,,,,,,,,,,,,,,,,,,,,,,,,
,,,,,,,,,,,,,0.00%,,,,,,,,,,,,,,0.00%,,,,,,,,,,,,,,,,,,,,,,,,,,,,,,,,,,,,,,,,,,,,,,,,,,,
,,,,,,,,,,,,,0.00%,,,,,,,,,,,,,,0.00%,,,,,,,,,,,,,,,,,,,,,,,,,,,,,,,,,,,,,,,,,,,,,,,,,,,
,,,,,,,,,,,,,0.00%,,,,,,,,,,,,,,0.00%,,,,,,,,,,,,,,,,,,,,,,,,,,,,,,,,,,,,,,,,,,,,,,,,,,,
,,,,,,,,,,,,,0.00%,,,,,,,,,,,,,,0.00%,,,,,,,,,,,,,,,,,,,,,,,,,,,,,,,,,,,,,,,,,,,,,,,,,,,
,,,,,,,,,,,,,0.00%,,,,,,,,,,,,,,0.00%,,,,,,,,,,,,,,,,,,,,,,,,,,,,,,,,,,,,,,,,,,,,,,,,,,,
,,,,,,,,,,,,,0.00%,,,,,,,,,,,,,,0.00%,,,,,,,,,,,,,,,,,,,,,,,,,,,,,,,,,,,,,,,,,,,,,,,,,,,
,,,,,,,,,,,,,0.00%,,,,,,,,,,,,,,0.00%,,,,,,,,,,,,,,,,,,,,,,,,,,,,,,,,,,,,,,,,,,,,,,,,,,,
,,,,,,,,,,,,,0.00%,,,,,,,,,,,,,,0.00%,,,,,,,,,,,,,,,,,,,,,,,,,,,,,,,,,,,,,,,,,,,,,,,,,,,
,,,,,,,,,,,,,0.00%,,,,,,,,,,,,,,0.00%,,,,,,,,,,,,,,,,,,,,,,,,,,,,,,,,,,,,,,,,,,,,,,,,,,,
,,,,,,,,,,,,,0.00%,,,,,,,,,,,,,,0.00%,,,,,,,,,,,,,,,,,,,,,,,,,,,,,,,,,,,,,,,,,,,,,,,,,,,
,,,,,,,,,,,,,0.00%,,,,,,,,,,,,,,0.00%,,,,,,,,,,,,,,,,,,,,,,,,,,,,,,,,,,,,,,,,,,,,,,,,,,,
,,,,,,,,,,,,,0.00%,,,,,,,,,,,,,,0.00%,,,,,,,,,,,,,,,,,,,,,,,,,,,,,,,,,,,,,,,,,,,,,,,,,,,
,,,,,,,,,,,,,0.00%,,,,,,,,,,,,,,0.00%,,,,,,,,,,,,,,,,,,,,,,,,,,,,,,,,,,,,,,,,,,,,,,,,,,,
,,,,,,,,,,,,,0.00%,,,,,,,,,,,,,,0.00%,,,,,,,,,,,,,,,,,,,,,,,,,,,,,,,,,,,,,,,,,,,,,,,,,,,
,,,,,,,,,,,,,0.00%,,,,,,,,,,,,,,0.00%,,,,,,,,,,,,,,,,,,,,,,,,,,,,,,,,,,,,,,,,,,,,,,,,,,,
,,,,,,,,,,,,,0.00%,,,,,,,,,,,,,,0.00%,,,,,,,,,,,,,,,,,,,,,,,,,,,,,,,,,,,,,,,,,,,,,,,,,,,
,,,,,,,,,,,,,0.00%,,,,,,,,,,,,,,0.00%,,,,,,,,,,,,,,,,,,,,,,,,,,,,,,,,,,,,,,,,,,,,,,,,,,,
,,,,,,,,,,,,,0.00%,,,,,,,,,,,,,,0.00%,,,,,,,,,,,,,,,,,,,,,,,,,,,,,,,,,,,,,,,,,,,,,,,,,,,
,,,,,,,,,,,,,0.00%,,,,,,,,,,,,,,0.00%,,,,,,,,,,,,,,,,,,,,,,,,,,,,,,,,,,,,,,,,,,,,,,,,,,,
,,,,,,,,,,,,,0.00%,,,,,,,,,,,,,,0.00%,,,,,,,,,,,,,,,,,,,,,,,,,,,,,,,,,,,,,,,,,,,,,,,,,,,
,,,,,,,,,,,,,0.00%,,,,,,,,,,,,,,0.00%,,,,,,,,,,,,,,,,,,,,,,,,,,,,,,,,,,,,,,,,,,,,,,,,,,,
,,,,,,,,,,,,,0.00%,,,,,,,,,,,,,,0.00%,,,,,,,,,,,,,,,,,,,,,,,,,,,,,,,,,,,,,,,,,,,,,,,,,,,
,,,,,,,,,,,,,0.00%,,,,,,,,,,,,,,0.00%,,,,,,,,,,,,,,,,,,,,,,,,,,,,,,,,,,,,,,,,,,,,,,,,,,,
,,,,,,,,,,,,,0.00%,,,,,,,,,,,,,,0.00%,,,,,,,,,,,,,,,,,,,,,,,,,,,,,,,,,,,,,,,,,,,,,,,,,,,
,,,,,,,,,,,,,0.00%,,,,,,,,,,,,,,0.00%,,,,,,,,,,,,,,,,,,,,,,,,,,,,,,,,,,,,,,,,,,,,,,,,,,,
,,,,,,,,,,,,,0.00%,,,,,,,,,,,,,,0.00%,,,,,,,,,,,,,,,,,,,,,,,,,,,,,,,,,,,,,,,,,,,,,,,,,,,
,,,,,,,,,,,,,0.00%,,,,,,,,,,,,,,0.00%,,,,,,,,,,,,,,,,,,,,,,,,,,,,,,,,,,,,,,,,,,,,,,,,,,,
,,,,,,,,,,,,,0.00%,,,,,,,,,,,,,,0.00%,,,,,,,,,,,,,,,,,,,,,,,,,,,,,,,,,,,,,,,,,,,,,,,,,,,
,,,,,,,,,,,,,0.00%,,,,,,,,,,,,,,0.00%,,,,,,,,,,,,,,,,,,,,,,,,,,,,,,,,,,,,,,,,,,,,,,,,,,,
,,,,,,,,,,,,,0.00%,,,,,,,,,,,,,,0.00%,,,,,,,,,,,,,,,,,,,,,,,,,,,,,,,,,,,,,,,,,,,,,,,,,,,
,,,,,,,,,,,,,0.00%,,,,,,,,,,,,,,0.00%,,,,,,,,,,,,,,,,,,,,,,,,,,,,,,,,,,,,,,,,,,,,,,,,,,,
,,,,,,,,,,,,,0.00%,,,,,,,,,,,,,,0.00%,,,,,,,,,,,,,,,,,,,,,,,,,,,,,,,,,,,,,,,,,,,,,,,,,,,
,,,,,,,,,,,,,0.00%,,,,,,,,,,,,,,0.00%,,,,,,,,,,,,,,,,,,,,,,,,,,,,,,,,,,,,,,,,,,,,,,,,,,,
,,,,,,,,,,,,,0.00%,,,,,,,,,,,,,,0.00%,,,,,,,,,,,,,,,,,,,,,,,,,,,,,,,,,,,,,,,,,,,,,,,,,,,
,,,,,,,,,,,,,0.00%,,,,,,,,,,,,,,0.00%,,,,,,,,,,,,,,,,,,,,,,,,,,,,,,,,,,,,,,,,,,,,,,,,,,,
,,,,,,,,,,,,,0.00%,,,,,,,,,,,,,,0.00%,,,,,,,,,,,,,,,,,,,,,,,,,,,,,,,,,,,,,,,,,,,,,,,,,,,
,,,,,,,,,,,,,0.00%,,,,,,,,,,,,,,0.00%,,,,,,,,,,,,,,,,,,,,,,,,,,,,,,,,,,,,,,,,,,,,,,,,,,,
,,,,,,,,,,,,,0.00%,,,,,,,,,,,,,,0.00%,,,,,,,,,,,,,,,,,,,,,,,,,,,,,,,,,,,,,,,,,,,,,,,,,,,
,,,,,,,,,,,,,0.00%,,,,,,,,,,,,,,0.00%,,,,,,,,,,,,,,,,,,,,,,,,,,,,,,,,,,,,,,,,,,,,,,,,,,,
,,,,,,,,,,,,,0.00%,,,,,,,,,,,,,,0.00%,,,,,,,,,,,,,,,,,,,,,,,,,,,,,,,,,,,,,,,,,,,,,,,,,,,
,,,,,,,,,,,,,0.00%,,,,,,,,,,,,,,0.00%,,,,,,,,,,,,,,,,,,,,,,,,,,,,,,,,,,,,,,,,,,,,,,,,,,,
,,,,,,,,,,,,,0.00%,,,,,,,,,,,,,,0.00%,,,,,,,,,,,,,,,,,,,,,,,,,,,,,,,,,,,,,,,,,,,,,,,,,,,
,,,,,,,,,,,,,0.00%,,,,,,,,,,,,,,0.00%,,,,,,,,,,,,,,,,,,,,,,,,,,,,,,,,,,,,,,,,,,,,,,,,,,,
,,,,,,,,,,,,,0.00%,,,,,,,,,,,,,,0.00%,,,,,,,,,,,,,,,,,,,,,,,,,,,,,,,,,,,,,,,,,,,,,,,,,,,
,,,,,,,,,,,,,0.00%,,,,,,,,,,,,,,0.00%,,,,,,,,,,,,,,,,,,,,,,,,,,,,,,,,,,,,,,,,,,,,,,,,,,,
,,,,,,,,,,,,,0.00%,,,,,,,,,,,,,,0.00%,,,,,,,,,,,,,,,,,,,,,,,,,,,,,,,,,,,,,,,,,,,,,,,,,,,
,,,,,,,,,,,,,0.00%,,,,,,,,,,,,,,0.00%,,,,,,,,,,,,,,,,,,,,,,,,,,,,,,,,,,,,,,,,,,,,,,,,,,,
,,,,,,,,,,,,,0.00%,,,,,,,,,,,,,,0.00%,,,,,,,,,,,,,,,,,,,,,,,,,,,,,,,,,,,,,,,,,,,,,,,,,,,
,,,,,,,,,,,,,0.00%,,,,,,,,,,,,,,0.00%,,,,,,,,,,,,,,,,,,,,,,,,,,,,,,,,,,,,,,,,,,,,,,,,,,,
,,,,,,,,,,,,,0.00%,,,,,,,,,,,,,,0.00%,,,,,,,,,,,,,,,,,,,,,,,,,,,,,,,,,,,,,,,,,,,,,,,,,,,
,,,,,,,,,,,,,0.00%,,,,,,,,,,,,,,0.00%,,,,,,,,,,,,,,,,,,,,,,,,,,,,,,,,,,,,,,,,,,,,,,,,,,,
,,,,,,,,,,,,,0.00%,,,,,,,,,,,,,,0.00%,,,,,,,,,,,,,,,,,,,,,,,,,,,,,,,,,,,,,,,,,,,,,,,,,,,
,,,,,,,,,,,,,0.00%,,,,,,,,,,,,,,0.00%,,,,,,,,,,,,,,,,,,,,,,,,,,,,,,,,,,,,,,,,,,,,,,,,,,,
,,,,,,,,,,,,,0.00%,,,,,,,,,,,,,,0.00%,,,,,,,,,,,,,,,,,,,,,,,,,,,,,,,,,,,,,,,,,,,,,,,,,,,
,,,,,,,,,,,,,0.00%,,,,,,,,,,,,,,0.00%,,,,,,,,,,,,,,,,,,,,,,,,,,,,,,,,,,,,,,,,,,,,,,,,,,,
,,,,,,,,,,,,,0.00%,,,,,,,,,,,,,,0.00%,,,,,,,,,,,,,,,,,,,,,,,,,,,,,,,,,,,,,,,,,,,,,,,,,,,
,,,,,,,,,,,,,0.00%,,,,,,,,,,,,,,0.00%,,,,,,,,,,,,,,,,,,,,,,,,,,,,,,,,,,,,,,,,,,,,,,,,,,,
,,,,,,,,,,,,,0.00%,,,,,,,,,,,,,,0.00%,,,,,,,,,,,,,,,,,,,,,,,,,,,,,,,,,,,,,,,,,,,,,,,,,,,
,,,,,,,,,,,,,0.00%,,,,,,,,,,,,,,0.00%,,,,,,,,,,,,,,,,,,,,,,,,,,,,,,,,,,,,,,,,,,,,,,,,,,,
,,,,,,,,,,,,,0.00%,,,,,,,,,,,,,,0.00%,,,,,,,,,,,,,,,,,,,,,,,,,,,,,,,,,,,,,,,,,,,,,,,,,,,
,,,,,,,,,,,,,0.00%,,,,,,,,,,,,,,0.00%,,,,,,,,,,,,,,,,,,,,,,,,,,,,,,,,,,,,,,,,,,,,,,,,,,,
,,,,,,,,,,,,,0.00%,,,,,,,,,,,,,,0.00%,,,,,,,,,,,,,,,,,,,,,,,,,,,,,,,,,,,,,,,,,,,,,,,,,,,
,,,,,,,,,,,,,0.00%,,,,,,,,,,,,,,0.00%,,,,,,,,,,,,,,,,,,,,,,,,,,,,,,,,,,,,,,,,,,,,,,,,,,,
,,,,,,,,,,,,,0.00%,,,,,,,,,,,,,,0.00%,,,,,,,,,,,,,,,,,,,,,,,,,,,,,,,,,,,,,,,,,,,,,,,,,,,
,,,,,,,,,,,,,0.00%,,,,,,,,,,,,,,0.00%,,,,,,,,,,,,,,,,,,,,,,,,,,,,,,,,,,,,,,,,,,,,,,,,,,,
,,,,,,,,,,,,,0.00%,,,,,,,,,,,,,,0.00%,,,,,,,,,,,,,,,,,,,,,,,,,,,,,,,,,,,,,,,,,,,,,,,,,,,
,,,,,,,,,,,,,0.00%,,,,,,,,,,,,,,0.00%,,,,,,,,,,,,,,,,,,,,,,,,,,,,,,,,,,,,,,,,,,,,,,,,,,,
,,,,,,,,,,,,,0.00%,,,,,,,,,,,,,,0.00%,,,,,,,,,,,,,,,,,,,,,,,,,,,,,,,,,,,,,,,,,,,,,,,,,,,
,,,,,,,,,,,,,0.00%,,,,,,,,,,,,,,0.00%,,,,,,,,,,,,,,,,,,,,,,,,,,,,,,,,,,,,,,,,,,,,,,,,,,,
,,,,,,,,,,,,,0.00%,,,,,,,,,,,,,,0.00%,,,,,,,,,,,,,,,,,,,,,,,,,,,,,,,,,,,,,,,,,,,,,,,,,,,
,,,,,,,,,,,,,0.00%,,,,,,,,,,,,,,0.00%,,,,,,,,,,,,,,,,,,,,,,,,,,,,,,,,,,,,,,,,,,,,,,,,,,,
,,,,,,,,,,,,,0.00%,,,,,,,,,,,,,,0.00%,,,,,,,,,,,,,,,,,,,,,,,,,,,,,,,,,,,,,,,,,,,,,,,,,,,
,,,,,,,,,,,,,0.00%,,,,,,,,,,,,,,0.00%,,,,,,,,,,,,,,,,,,,,,,,,,,,,,,,,,,,,,,,,,,,,,,,,,,,
,,,,,,,,,,,,,0.00%,,,,,,,,,,,,,,0.00%,,,,,,,,,,,,,,,,,,,,,,,,,,,,,,,,,,,,,,,,,,,,,,,,,,,
,,,,,,,,,,,,,0.00%,,,,,,,,,,,,,,0.00%,,,,,,,,,,,,,,,,,,,,,,,,,,,,,,,,,,,,,,,,,,,,,,,,,,,
,,,,,,,,,,,,,0.00%,,,,,,,,,,,,,,0.00%,,,,,,,,,,,,,,,,,,,,,,,,,,,,,,,,,,,,,,,,,,,,,,,,,,,
,,,,,,,,,,,,,0.00%,,,,,,,,,,,,,,0.00%,,,,,,,,,,,,,,,,,,,,,,,,,,,,,,,,,,,,,,,,,,,,,,,,,,,
,,,,,,,,,,,,,0.00%,,,,,,,,,,,,,,0.00%,,,,,,,,,,,,,,,,,,,,,,,,,,,,,,,,,,,,,,,,,,,,,,,,,,,
,,,,,,,,,,,,,0.00%,,,,,,,,,,,,,,0.00%,,,,,,,,,,,,,,,,,,,,,,,,,,,,,,,,,,,,,,,,,,,,,,,,,,,
,,,,,,,,,,,,,0.00%,,,,,,,,,,,,,,0.00%,,,,,,,,,,,,,,,,,,,,,,,,,,,,,,,,,,,,,,,,,,,,,,,,,,,
,,,,,,,,,,,,,0.00%,,,,,,,,,,,,,,0.00%,,,,,,,,,,,,,,,,,,,,,,,,,,,,,,,,,,,,,,,,,,,,,,,,,,,
,,,,,,,,,,,,,0.00%,,,,,,,,,,,,,,0.00%,,,,,,,,,,,,,,,,,,,,,,,,,,,,,,,,,,,,,,,,,,,,,,,,,,,
,,,,,,,,,,,,,0.00%,,,,,,,,,,,,,,0.00%,,,,,,,,,,,,,,,,,,,,,,,,,,,,,,,,,,,,,,,,,,,,,,,,,,,
,,,,,,,,,,,,,0.00%,,,,,,,,,,,,,,0.00%,,,,,,,,,,,,,,,,,,,,,,,,,,,,,,,,,,,,,,,,,,,,,,,,,,,
,,,,,,,,,,,,,0.00%,,,,,,,,,,,,,,0.00%,,,,,,,,,,,,,,,,,,,,,,,,,,,,,,,,,,,,,,,,,,,,,,,,,,,
,,,,,,,,,,,,,0.00%,,,,,,,,,,,,,,0.00%,,,,,,,,,,,,,,,,,,,,,,,,,,,,,,,,,,,,,,,,,,,,,,,,,,,
,,,,,,,,,,,,,0.00%,,,,,,,,,,,,,,0.00%,,,,,,,,,,,,,,,,,,,,,,,,,,,,,,,,,,,,,,,,,,,,,,,,,,,
,,,,,,,,,,,,,0.00%,,,,,,,,,,,,,,0.00%,,,,,,,,,,,,,,,,,,,,,,,,,,,,,,,,,,,,,,,,,,,,,,,,,,,
,,,,,,,,,,,,,0.00%,,,,,,,,,,,,,,0.00%,,,,,,,,,,,,,,,,,,,,,,,,,,,,,,,,,,,,,,,,,,,,,,,,,,,
,,,,,,,,,,,,,0.00%,,,,,,,,,,,,,,0.00%,,,,,,,,,,,,,,,,,,,,,,,,,,,,,,,,,,,,,,,,,,,,,,,,,,,
,,,,,,,,,,,,,0.00%,,,,,,,,,,,,,,0.00%,,,,,,,,,,,,,,,,,,,,,,,,,,,,,,,,,,,,,,,,,,,,,,,,,,,
,,,,,,,,,,,,,0.00%,,,,,,,,,,,,,,0.00%,,,,,,,,,,,,,,,,,,,,,,,,,,,,,,,,,,,,,,,,,,,,,,,,,,,
,,,,,,,,,,,,,0.00%,,,,,,,,,,,,,,0.00%,,,,,,,,,,,,,,,,,,,,,,,,,,,,,,,,,,,,,,,,,,,,,,,,,,,
,,,,,,,,,,,,,0.00%,,,,,,,,,,,,,,0.00%,,,,,,,,,,,,,,,,,,,,,,,,,,,,,,,,,,,,,,,,,,,,,,,,,,,
,,,,,,,,,,,,,0.00%,,,,,,,,,,,,,,0.00%,,,,,,,,,,,,,,,,,,,,,,,,,,,,,,,,,,,,,,,,,,,,,,,,,,,
,,,,,,,,,,,,,0.00%,,,,,,,,,,,,,,0.00%,,,,,,,,,,,,,,,,,,,,,,,,,,,,,,,,,,,,,,,,,,,,,,,,,,,
,,,,,,,,,,,,,0.00%,,,,,,,,,,,,,,0.00%,,,,,,,,,,,,,,,,,,,,,,,,,,,,,,,,,,,,,,,,,,,,,,,,,,,
,,,,,,,,,,,,,0.00%,,,,,,,,,,,,,,0.00%,,,,,,,,,,,,,,,,,,,,,,,,,,,,,,,,,,,,,,,,,,,,,,,,,,,
,,,,,,,,,,,,,0.00%,,,,,,,,,,,,,,0.00%,,,,,,,,,,,,,,,,,,,,,,,,,,,,,,,,,,,,,,,,,,,,,,,,,,,
,,,,,,,,,,,,,0.00%,,,,,,,,,,,,,,0.00%,,,,,,,,,,,,,,,,,,,,,,,,,,,,,,,,,,,,,,,,,,,,,,,,,,,
,,,,,,,,,,,,,0.00%,,,,,,,,,,,,,,0.00%,,,,,,,,,,,,,,,,,,,,,,,,,,,,,,,,,,,,,,,,,,,,,,,,,,,
,,,,,,,,,,,,,0.00%,,,,,,,,,,,,,,0.00%,,,,,,,,,,,,,,,,,,,,,,,,,,,,,,,,,,,,,,,,,,,,,,,,,,,
,,,,,,,,,,,,,0.00%,,,,,,,,,,,,,,0.00%,,,,,,,,,,,,,,,,,,,,,,,,,,,,,,,,,,,,,,,,,,,,,,,,,,,
,,,,,,,,,,,,,0.00%,,,,,,,,,,,,,,0.00%,,,,,,,,,,,,,,,,,,,,,,,,,,,,,,,,,,,,,,,,,,,,,,,,,,,
,,,,,,,,,,,,,0.00%,,,,,,,,,,,,,,0.00%,,,,,,,,,,,,,,,,,,,,,,,,,,,,,,,,,,,,,,,,,,,,,,,,,,,
,,,,,,,,,,,,,0.00%,,,,,,,,,,,,,,0.00%,,,,,,,,,,,,,,,,,,,,,,,,,,,,,,,,,,,,,,,,,,,,,,,,,,,
,,,,,,,,,,,,,0.00%,,,,,,,,,,,,,,0.00%,,,,,,,,,,,,,,,,,,,,,,,,,,,,,,,,,,,,,,,,,,,,,,,,,,,
,,,,,,,,,,,,,0.00%,,,,,,,,,,,,,,0.00%,,,,,,,,,,,,,,,,,,,,,,,,,,,,,,,,,,,,,,,,,,,,,,,,,,,
,,,,,,,,,,,,,0.00%,,,,,,,,,,,,,,0.00%,,,,,,,,,,,,,,,,,,,,,,,,,,,,,,,,,,,,,,,,,,,,,,,,,,,
,,,,,,,,,,,,,0.00%,,,,,,,,,,,,,,0.00%,,,,,,,,,,,,,,,,,,,,,,,,,,,,,,,,,,,,,,,,,,,,,,,,,,,
,,,,,,,,,,,,,0.00%,,,,,,,,,,,,,,0.00%,,,,,,,,,,,,,,,,,,,,,,,,,,,,,,,,,,,,,,,,,,,,,,,,,,,
,,,,,,,,,,,,,0.00%,,,,,,,,,,,,,,0.00%,,,,,,,,,,,,,,,,,,,,,,,,,,,,,,,,,,,,,,,,,,,,,,,,,,,
,,,,,,,,,,,,,0.00%,,,,,,,,,,,,,,0.00%,,,,,,,,,,,,,,,,,,,,,,,,,,,,,,,,,,,,,,,,,,,,,,,,,,,
,,,,,,,,,,,,,0.00%,,,,,,,,,,,,,,0.00%,,,,,,,,,,,,,,,,,,,,,,,,,,,,,,,,,,,,,,,,,,,,,,,,,,,
,,,,,,,,,,,,,0.00%,,,,,,,,,,,,,,0.00%,,,,,,,,,,,,,,,,,,,,,,,,,,,,,,,,,,,,,,,,,,,,,,,,,,,
,,,,,,,,,,,,,0.00%,,,,,,,,,,,,,,0.00%,,,,,,,,,,,,,,,,,,,,,,,,,,,,,,,,,,,,,,,,,,,,,,,,,,,
,,,,,,,,,,,,,0.00%,,,,,,,,,,,,,,0.00%,,,,,,,,,,,,,,,,,,,,,,,,,,,,,,,,,,,,,,,,,,,,,,,,,,,
,,,,,,,,,,,,,0.00%,,,,,,,,,,,,,,0.00%,,,,,,,,,,,,,,,,,,,,,,,,,,,,,,,,,,,,,,,,,,,,,,,,,,,
,,,,,,,,,,,,,0.00%,,,,,,,,,,,,,,0.00%,,,,,,,,,,,,,,,,,,,,,,,,,,,,,,,,,,,,,,,,,,,,,,,,,,,
,,,,,,,,,,,,,0.00%,,,,,,,,,,,,,,0.00%,,,,,,,,,,,,,,,,,,,,,,,,,,,,,,,,,,,,,,,,,,,,,,,,,,,
,,,,,,,,,,,,,0.00%,,,,,,,,,,,,,,0.00%,,,,,,,,,,,,,,,,,,,,,,,,,,,,,,,,,,,,,,,,,,,,,,,,,,,
,,,,,,,,,,,,,0.00%,,,,,,,,,,,,,,0.00%,,,,,,,,,,,,,,,,,,,,,,,,,,,,,,,,,,,,,,,,,,,,,,,,,,,
,,,,,,,,,,,,,0.00%,,,,,,,,,,,,,,0.00%,,,,,,,,,,,,,,,,,,,,,,,,,,,,,,,,,,,,,,,,,,,,,,,,,,,
,,,,,,,,,,,,,0.00%,,,,,,,,,,,,,,0.00%,,,,,,,,,,,,,,,,,,,,,,,,,,,,,,,,,,,,,,,,,,,,,,,,,,,
,,,,,,,,,,,,,0.00%,,,,,,,,,,,,,,0.00%,,,,,,,,,,,,,,,,,,,,,,,,,,,,,,,,,,,,,,,,,,,,,,,,,,,
,,,,,,,,,,,,,0.00%,,,,,,,,,,,,,,0.00%,,,,,,,,,,,,,,,,,,,,,,,,,,,,,,,,,,,,,,,,,,,,,,,,,,,
,,,,,,,,,,,,,0.00%,,,,,,,,,,,,,,0.00%,,,,,,,,,,,,,,,,,,,,,,,,,,,,,,,,,,,,,,,,,,,,,,,,,,,
,,,,,,,,,,,,,0.00%,,,,,,,,,,,,,,0.00%,,,,,,,,,,,,,,,,,,,,,,,,,,,,,,,,,,,,,,,,,,,,,,,,,,,
,,,,,,,,,,,,,0.00%,,,,,,,,,,,,,,0.00%,,,,,,,,,,,,,,,,,,,,,,,,,,,,,,,,,,,,,,,,,,,,,,,,,,,
,,,,,,,,,,,,,0.00%,,,,,,,,,,,,,,0.00%,,,,,,,,,,,,,,,,,,,,,,,,,,,,,,,,,,,,,,,,,,,,,,,,,,,
,,,,,,,,,,,,,0.00%,,,,,,,,,,,,,,0.00%,,,,,,,,,,,,,,,,,,,,,,,,,,,,,,,,,,,,,,,,,,,,,,,,,,,
,,,,,,,,,,,,,0.00%,,,,,,,,,,,,,,0.00%,,,,,,,,,,,,,,,,,,,,,,,,,,,,,,,,,,,,,,,,,,,,,,,,,,,
,,,,,,,,,,,,,0.00%,,,,,,,,,,,,,,0.00%,,,,,,,,,,,,,,,,,,,,,,,,,,,,,,,,,,,,,,,,,,,,,,,,,,,
,,,,,,,,,,,,,0.00%,,,,,,,,,,,,,,0.00%,,,,,,,,,,,,,,,,,,,,,,,,,,,,,,,,,,,,,,,,,,,,,,,,,,,
,,,,,,,,,,,,,0.00%,,,,,,,,,,,,,,0.00%,,,,,,,,,,,,,,,,,,,,,,,,,,,,,,,,,,,,,,,,,,,,,,,,,,,
,,,,,,,,,,,,,0.00%,,,,,,,,,,,,,,0.00%,,,,,,,,,,,,,,,,,,,,,,,,,,,,,,,,,,,,,,,,,,,,,,,,,,,
,,,,,,,,,,,,,0.00%,,,,,,,,,,,,,,0.00%,,,,,,,,,,,,,,,,,,,,,,,,,,,,,,,,,,,,,,,,,,,,,,,,,,,
,,,,,,,,,,,,,0.00%,,,,,,,,,,,,,,0.00%,,,,,,,,,,,,,,,,,,,,,,,,,,,,,,,,,,,,,,,,,,,,,,,,,,,
,,,,,,,,,,,,,0.00%,,,,,,,,,,,,,,0.00%,,,,,,,,,,,,,,,,,,,,,,,,,,,,,,,,,,,,,,,,,,,,,,,,,,,
,,,,,,,,,,,,,0.00%,,,,,,,,,,,,,,0.00%,,,,,,,,,,,,,,,,,,,,,,,,,,,,,,,,,,,,,,,,,,,,,,,,,,,
,,,,,,,,,,,,,0.00%,,,,,,,,,,,,,,0.00%,,,,,,,,,,,,,,,,,,,,,,,,,,,,,,,,,,,,,,,,,,,,,,,,,,,
,,,,,,,,,,,,,0.00%,,,,,,,,,,,,,,0.00%,,,,,,,,,,,,,,,,,,,,,,,,,,,,,,,,,,,,,,,,,,,,,,,,,,,
,,,,,,,,,,,,,0.00%,,,,,,,,,,,,,,0.00%,,,,,,,,,,,,,,,,,,,,,,,,,,,,,,,,,,,,,,,,,,,,,,,,,,,
,,,,,,,,,,,,,0.00%,,,,,,,,,,,,,,0.00%,,,,,,,,,,,,,,,,,,,,,,,,,,,,,,,,,,,,,,,,,,,,,,,,,,,
,,,,,,,,,,,,,0.00%,,,,,,,,,,,,,,0.00%,,,,,,,,,,,,,,,,,,,,,,,,,,,,,,,,,,,,,,,,,,,,,,,,,,,
,,,,,,,,,,,,,0.00%,,,,,,,,,,,,,,0.00%,,,,,,,,,,,,,,,,,,,,,,,,,,,,,,,,,,,,,,,,,,,,,,,,,,,
,,,,,,,,,,,,,0.00%,,,,,,,,,,,,,,0.00%,,,,,,,,,,,,,,,,,,,,,,,,,,,,,,,,,,,,,,,,,,,,,,,,,,,
,,,,,,,,,,,,,0.00%,,,,,,,,,,,,,,0.00%,,,,,,,,,,,,,,,,,,,,,,,,,,,,,,,,,,,,,,,,,,,,,,,,,,,
,,,,,,,,,,,,,0.00%,,,,,,,,,,,,,,0.00%,,,,,,,,,,,,,,,,,,,,,,,,,,,,,,,,,,,,,,,,,,,,,,,,,,,
,,,,,,,,,,,,,0.00%,,,,,,,,,,,,,,0.00%,,,,,,,,,,,,,,,,,,,,,,,,,,,,,,,,,,,,,,,,,,,,,,,,,,,
,,,,,,,,,,,,,0.00%,,,,,,,,,,,,,,0.00%,,,,,,,,,,,,,,,,,,,,,,,,,,,,,,,,,,,,,,,,,,,,,,,,,,,
,,,,,,,,,,,,,0.00%,,,,,,,,,,,,,,0.00%,,,,,,,,,,,,,,,,,,,,,,,,,,,,,,,,,,,,,,,,,,,,,,,,,,,
,,,,,,,,,,,,,0.00%,,,,,,,,,,,,,,0.00%,,,,,,,,,,,,,,,,,,,,,,,,,,,,,,,,,,,,,,,,,,,,,,,,,,,
,,,,,,,,,,,,,0.00%,,,,,,,,,,,,,,0.00%,,,,,,,,,,,,,,,,,,,,,,,,,,,,,,,,,,,,,,,,,,,,,,,,,,,
,,,,,,,,,,,,,0.00%,,,,,,,,,,,,,,0.00%,,,,,,,,,,,,,,,,,,,,,,,,,,,,,,,,,,,,,,,,,,,,,,,,,,,
,,,,,,,,,,,,,0.00%,,,,,,,,,,,,,,0.00%,,,,,,,,,,,,,,,,,,,,,,,,,,,,,,,,,,,,,,,,,,,,,,,,,,,
,,,,,,,,,,,,,0.00%,,,,,,,,,,,,,,0.00%,,,,,,,,,,,,,,,,,,,,,,,,,,,,,,,,,,,,,,,,,,,,,,,,,,,
,,,,,,,,,,,,,0.00%,,,,,,,,,,,,,,0.00%,,,,,,,,,,,,,,,,,,,,,,,,,,,,,,,,,,,,,,,,,,,,,,,,,,,
,,,,,,,,,,,,,0.00%,,,,,,,,,,,,,,0.00%,,,,,,,,,,,,,,,,,,,,,,,,,,,,,,,,,,,,,,,,,,,,,,,,,,,
,,,,,,,,,,,,,0.00%,,,,,,,,,,,,,,0.00%,,,,,,,,,,,,,,,,,,,,,,,,,,,,,,,,,,,,,,,,,,,,,,,,,,,
,,,,,,,,,,,,,0.00%,,,,,,,,,,,,,,0.00%,,,,,,,,,,,,,,,,,,,,,,,,,,,,,,,,,,,,,,,,,,,,,,,,,,,
,,,,,,,,,,,,,0.00%,,,,,,,,,,,,,,0.00%,,,,,,,,,,,,,,,,,,,,,,,,,,,,,,,,,,,,,,,,,,,,,,,,,,,
,,,,,,,,,,,,,0.00%,,,,,,,,,,,,,,0.00%,,,,,,,,,,,,,,,,,,,,,,,,,,,,,,,,,,,,,,,,,,,,,,,,,,,
,,,,,,,,,,,,,0.00%,,,,,,,,,,,,,,0.00%,,,,,,,,,,,,,,,,,,,,,,,,,,,,,,,,,,,,,,,,,,,,,,,,,,,
,,,,,,,,,,,,,0.00%,,,,,,,,,,,,,,0.00%,,,,,,,,,,,,,,,,,,,,,,,,,,,,,,,,,,,,,,,,,,,,,,,,,,,
,,,,,,,,,,,,,0.00%,,,,,,,,,,,,,,0.00%,,,,,,,,,,,,,,,,,,,,,,,,,,,,,,,,,,,,,,,,,,,,,,,,,,,
,,,,,,,,,,,,,0.00%,,,,,,,,,,,,,,0.00%,,,,,,,,,,,,,,,,,,,,,,,,,,,,,,,,,,,,,,,,,,,,,,,,,,,
,,,,,,,,,,,,,0.00%,,,,,,,,,,,,,,0.00%,,,,,,,,,,,,,,,,,,,,,,,,,,,,,,,,,,,,,,,,,,,,,,,,,,,
,,,,,,,,,,,,,0.00%,,,,,,,,,,,,,,0.00%,,,,,,,,,,,,,,,,,,,,,,,,,,,,,,,,,,,,,,,,,,,,,,,,,,,
,,,,,,,,,,,,,0.00%,,,,,,,,,,,,,,0.00%,,,,,,,,,,,,,,,,,,,,,,,,,,,,,,,,,,,,,,,,,,,,,,,,,,,
,,,,,,,,,,,,,0.00%,,,,,,,,,,,,,,0.00%,,,,,,,,,,,,,,,,,,,,,,,,,,,,,,,,,,,,,,,,,,,,,,,,,,,
,,,,,,,,,,,,,0.00%,,,,,,,,,,,,,,0.00%,,,,,,,,,,,,,,,,,,,,,,,,,,,,,,,,,,,,,,,,,,,,,,,,,,,
,,,,,,,,,,,,,,,,,,,,,,,,,,,,,,,,,,,,,,,,,,,,,,,,,,,,,,,,,,,,,,,,,,,,,,,,,,,,,,
6th CBSE,,,,,,,,,,,,,,,,7th CBSE,,,,,,,,,,,,,,,8th CBSE,,,,,,,,,,,,,,,,,,9th CBSE,,,,,,,,,,,,,,,10th CBSE,,,,,,,,,,,,,,
#REF!,,,,,,,,,,,,,,,,#REF!,,,,,,,,,,,,,,,#REF!,,,,,,,,,,,,,,,,,,#REF!,,,,,,,,,,,,,,,#REF!,,,,,,,,,,,,,,
,,,,,,,,,,,,,,% Match,,,,,,,,,,,,,,,,% Match,,,,,,,,,,,,,,,% Match,,,,,,,,,,,,,,,,,,% Match,,,,,,,,,,,,,,,% Match
,,,,,,,,,,,,,,0.00%,,,,,,,,,,,,,,,,0.00%,,,,,,,,,,,,,,,0.00%,,,,,,,,,,,,,,,,,,0.00%,,,,Matter - Its Nature and Behaviour,123,224,,,,,,,,224,25.00%
,,,,,,,,,,,,,,0.00%,,,,,,,,,,,,,,,,0.00%,,,,,,,,,,,,,,,0.00%,,,,,,,,,,,,,,,,,,0.00%,,,,Organization in the Living World ,124,225,,,,,,,,225,0.00%
,,,,,,,,,,,,,,0.00%,,,,,,,,,,,,,,,,0.00%,,,,,,,,,,,,,,,0.00%,,,,,,,,,,,,,,,,,,0.00%,,,,"Motion, Force and Work",125,226,,,,,,,,226,100.00%
,,,,,,,,,,,,,,0.00%,,,,,,,,,,,,,,,,0.00%,,,,,,,,,,,,,,,0.00%,,,,,,,,,,,,,,,,,,0.00%,,,,Geometry,126,227,,,,,,,,227,0.00%
,,,,,,,,,,,,,,0.00%,,,,,,,,,,,,,,,,0.00%,,,,,,,,,,,,,,,0.00%,,,,,,,,,,,,,,,,,,0.00%,,,,Triangles,127,228,,,,,,,,228,0.00%
,,,,,,,,,,,,,,0.00%,,,,,,,,,,,,,,,,0.00%,,,,,,,,,,,,,,,0.00%,,,,,,,,,,,,,,,,,,0.00%,,,,,,,,,,,,,,,0.00%
,,,,,,,,,,,,,,0.00%,,,,,,,,,,,,,,,,0.00%,,,,,,,,,,,,,,,0.00%,,,,,,,,,,,,,,,,,,0.00%,,,,,,,,,,,,,,,0.00%
,,,,,,,,,,,,,,0.00%,,,,,,,,,,,,,,,,0.00%,,,,,,,,,,,,,,,0.00%,,,,,,,,,,,,,,,,,,0.00%,,,,,,,,,,,,,,,0.00%
,,,,,,,,,,,,,,0.00%,,,,,,,,,,,,,,,,0.00%,,,,,,,,,,,,,,,0.00%,,,,,,,,,,,,,,,,,,0.00%,,,,,,,,,,,,,,,0.00%
,,,,,,,,,,,,,,0.00%,,,,,,,,,,,,,,,,0.00%,,,,,,,,,,,,,,,0.00%,,,,,,,,,,,,,,,,,,0.00%,,,,,,,,,,,,,,,0.00%
,,,,,,,,,,,,,,0.00%,,,,,,,,,,,,,,,,0.00%,,,,,,,,,,,,,,,0.00%,,,,,,,,,,,,,,,,,,0.00%,,,,,,,,,,,,,,,0.00%
,,,,,,,,,,,,,,0.00%,,,,,,,,,,,,,,,,0.00%,,,,,,,,,,,,,,,0.00%,,,,,,,,,,,,,,,,,,0.00%,,,,,,,,,,,,,,,0.00%
,,,,,,,,,,,,,,0.00%,,,,,,,,,,,,,,,,0.00%,,,,,,,,,,,,,,,0.00%,,,,,,,,,,,,,,,,,,0.00%,,,,,,,,,,,,,,,0.00%
,,,,,,,,,,,,,,0.00%,,,,,,,,,,,,,,,,0.00%,,,,,,,,,,,,,,,0.00%,,,,,,,,,,,,,,,,,,0.00%,,,,,,,,,,,,,,,0.00%
,,,,,,,,,,,,,,0.00%,,,,,,,,,,,,,,,,0.00%,,,,,,,,,,,,,,,0.00%,,,,,,,,,,,,,,,,,,0.00%,,,,,,,,,,,,,,,0.00%
,,,,,,,,,,,,,,0.00%,,,,,,,,,,,,,,,,0.00%,,,,,,,,,,,,,,,0.00%,,,,,,,,,,,,,,,,,,0.00%,,,,,,,,,,,,,,,0.00%
,,,,,,,,,,,,,,0.00%,,,,,,,,,,,,,,,,0.00%,,,,,,,,,,,,,,,0.00%,,,,,,,,,,,,,,,,,,0.00%,,,,,,,,,,,,,,,0.00%
,,,,,,,,,,,,,,0.00%,,,,,,,,,,,,,,,,0.00%,,,,,,,,,,,,,,,0.00%,,,,,,,,,,,,,,,,,,0.00%,,,,,,,,,,,,,,,0.00%
,,,,,,,,,,,,,,0.00%,,,,,,,,,,,,,,,,0.00%,,,,,,,,,,,,,,,0.00%,,,,,,,,,,,,,,,,,,0.00%,,,,,,,,,,,,,,,0.00%
,,,,,,,,,,,,,,0.00%,,,,,,,,,,,,,,,,0.00%,,,,,,,,,,,,,,,0.00%,,,,,,,,,,,,,,,,,,0.00%,,,,,,,,,,,,,,,0.00%
,,,,,,,,,,,,,,0.00%,,,,,,,,,,,,,,,,0.00%,,,,,,,,,,,,,,,0.00%,,,,,,,,,,,,,,,,,,0.00%,,,,,,,,,,,,,,,0.00%
,,,,,,,,,,,,,,0.00%,,,,,,,,,,,,,,,,0.00%,,,,,,,,,,,,,,,0.00%,,,,,,,,,,,,,,,,,,0.00%,,,,,,,,,,,,,,,0.00%
,,,,,,,,,,,,,,0.00%,,,,,,,,,,,,,,,,0.00%,,,,,,,,,,,,,,,0.00%,,,,,,,,,,,,,,,,,,0.00%,,,,,,,,,,,,,,,0.00%
,,,,,,,,,,,,,,0.00%,,,,,,,,,,,,,,,,0.00%,,,,,,,,,,,,,,,0.00%,,,,,,,,,,,,,,,,,,0.00%,,,,,,,,,,,,,,,0.00%
,,,,,,,,,,,,,,0.00%,,,,,,,,,,,,,,,,0.00%,,,,,,,,,,,,,,,0.00%,,,,,,,,,,,,,,,,,,0.00%,,,,,,,,,,,,,,,0.00%
,,,,,,,,,,,,,,0.00%,,,,,,,,,,,,,,,,0.00%,,,,,,,,,,,,,,,0.00%,,,,,,,,,,,,,,,,,,0.00%,,,,,,,,,,,,,,,0.00%
,,,,,,,,,,,,,,0.00%,,,,,,,,,,,,,,,,0.00%,,,,,,,,,,,,,,,0.00%,,,,,,,,,,,,,,,,,,0.00%,,,,,,,,,,,,,,,0.00%
,,,,,,,,,,,,,,0.00%,,,,,,,,,,,,,,,,0.00%,,,,,,,,,,,,,,,0.00%,,,,,,,,,,,,,,,,,,0.00%,,,,,,,,,,,,,,,0.00%
,,,,,,,,,,,,,,0.00%,,,,,,,,,,,,,,,,0.00%,,,,,,,,,,,,,,,0.00%,,,,,,,,,,,,,,,,,,0.00%,,,,,,,,,,,,,,,0.00%
,,,,,,,,,,,,,,0.00%,,,,,,,,,,,,,,,,0.00%,,,,,,,,,,,,,,,0.00%,,,,,,,,,,,,,,,,,,0.00%,,,,,,,,,,,,,,,0.00%
,,,,,,,,,,,,,,0.00%,,,,,,,,,,,,,,,,0.00%,,,,,,,,,,,,,,,0.00%,,,,,,,,,,,,,,,,,,0.00%,,,,,,,,,,,,,,,0.00%
,,,,,,,,,,,,,,0.00%,,,,,,,,,,,,,,,,0.00%,,,,,,,,,,,,,,,0.00%,,,,,,,,,,,,,,,,,,0.00%,,,,,,,,,,,,,,,0.00%
,,,,,,,,,,,,,,0.00%,,,,,,,,,,,,,,,,0.00%,,,,,,,,,,,,,,,0.00%,,,,,,,,,,,,,,,,,,0.00%,,,,,,,,,,,,,,,0.00%
,,,,,,,,,,,,,,0.00%,,,,,,,,,,,,,,,,0.00%,,,,,,,,,,,,,,,0.00%,,,,,,,,,,,,,,,,,,0.00%,,,,,,,,,,,,,,,0.00%
,,,,,,,,,,,,,,0.00%,,,,,,,,,,,,,,,,0.00%,,,,,,,,,,,,,,,0.00%,,,,,,,,,,,,,,,,,,0.00%,,,,,,,,,,,,,,,0.00%
,,,,,,,,,,,,,,0.00%,,,,,,,,,,,,,,,,0.00%,,,,,,,,,,,,,,,0.00%,,,,,,,,,,,,,,,,,,0.00%,,,,,,,,,,,,,,,0.00%
,,,,,,,,,,,,,,0.00%,,,,,,,,,,,,,,,,0.00%,,,,,,,,,,,,,,,0.00%,,,,,,,,,,,,,,,,,,0.00%,,,,,,,,,,,,,,,0.00%
,,,,,,,,,,,,,,0.00%,,,,,,,,,,,,,,,,0.00%,,,,,,,,,,,,,,,0.00%,,,,,,,,,,,,,,,,,,0.00%,,,,,,,,,,,,,,,0.00%
,,,,,,,,,,,,,,0.00%,,,,,,,,,,,,,,,,0.00%,,,,,,,,,,,,,,,0.00%,,,,,,,,,,,,,,,,,,0.00%,,,,,,,,,,,,,,,0.00%
,,,,,,,,,,,,,,0.00%,,,,,,,,,,,,,,,,0.00%,,,,,,,,,,,,,,,0.00%,,,,,,,,,,,,,,,,,,0.00%,,,,,,,,,,,,,,,0.00%
,,,,,,,,,,,,,,0.00%,,,,,,,,,,,,,,,,0.00%,,,,,,,,,,,,,,,0.00%,,,,,,,,,,,,,,,,,,0.00%,,,,,,,,,,,,,,,0.00%
,,,,,,,,,,,,,,0.00%,,,,,,,,,,,,,,,,0.00%,,,,,,,,,,,,,,,0.00%,,,,,,,,,,,,,,,,,,0.00%,,,,,,,,,,,,,,,0.00%
,,,,,,,,,,,,,,0.00%,,,,,,,,,,,,,,,,0.00%,,,,,,,,,,,,,,,0.00%,,,,,,,,,,,,,,,,,,0.00%,,,,,,,,,,,,,,,0.00%
,,,,,,,,,,,,,,0.00%,,,,,,,,,,,,,,,,0.00%,,,,,,,,,,,,,,,0.00%,,,,,,,,,,,,,,,,,,0.00%,,,,,,,,,,,,,,,0.00%
,,,,,,,,,,,,,,0.00%,,,,,,,,,,,,,,,,0.00%,,,,,,,,,,,,,,,0.00%,,,,,,,,,,,,,,,,,,0.00%,,,,,,,,,,,,,,,0.00%
,,,,,,,,,,,,,,0.00%,,,,,,,,,,,,,,,,0.00%,,,,,,,,,,,,,,,0.00%,,,,,,,,,,,,,,,,,,0.00%,,,,,,,,,,,,,,,0.00%
,,,,,,,,,,,,,,0.00%,,,,,,,,,,,,,,,,0.00%,,,,,,,,,,,,,,,0.00%,,,,,,,,,,,,,,,,,,0.00%,,,,,,,,,,,,,,,0.00%
,,,,,,,,,,,,,,0.00%,,,,,,,,,,,,,,,,0.00%,,,,,,,,,,,,,,,0.00%,,,,,,,,,,,,,,,,,,0.00%,,,,,,,,,,,,,,,0.00%
,,,,,,,,,,,,,,0.00%,,,,,,,,,,,,,,,,0.00%,,,,,,,,,,,,,,,0.00%,,,,,,,,,,,,,,,,,,0.00%,,,,,,,,,,,,,,,0.00%
,,,,,,,,,,,,,,0.00%,,,,,,,,,,,,,,,,0.00%,,,,,,,,,,,,,,,0.00%,,,,,,,,,,,,,,,,,,0.00%,,,,,,,,,,,,,,,0.00%
,,,,,,,,,,,,,,0.00%,,,,,,,,,,,,,,,,0.00%,,,,,,,,,,,,,,,0.00%,,,,,,,,,,,,,,,,,,0.00%,,,,,,,,,,,,,,,0.00%
,,,,,,,,,,,,,,0.00%,,,,,,,,,,,,,,,,0.00%,,,,,,,,,,,,,,,0.00%,,,,,,,,,,,,,,,,,,0.00%,,,,,,,,,,,,,,,0.00%
,,,,,,,,,,,,,,0.00%,,,,,,,,,,,,,,,,0.00%,,,,,,,,,,,,,,,0.00%,,,,,,,,,,,,,,,,,,0.00%,,,,,,,,,,,,,,,0.00%
,,,,,,,,,,,,,,0.00%,,,,,,,,,,,,,,,,0.00%,,,,,,,,,,,,,,,0.00%,,,,,,,,,,,,,,,,,,0.00%,,,,,,,,,,,,,,,0.00%
,,,,,,,,,,,,,,0.00%,,,,,,,,,,,,,,,,0.00%,,,,,,,,,,,,,,,0.00%,,,,,,,,,,,,,,,,,,0.00%,,,,,,,,,,,,,,,0.00%
,,,,,,,,,,,,,,0.00%,,,,,,,,,,,,,,,,0.00%,,,,,,,,,,,,,,,0.00%,,,,,,,,,,,,,,,,,,0.00%,,,,,,,,,,,,,,,0.00%
,,,,,,,,,,,,,,0.00%,,,,,,,,,,,,,,,,0.00%,,,,,,,,,,,,,,,0.00%,,,,,,,,,,,,,,,,,,0.00%,,,,,,,,,,,,,,,0.00%
,,,,,,,,,,,,,,0.00%,,,,,,,,,,,,,,,,0.00%,,,,,,,,,,,,,,,0.00%,,,,,,,,,,,,,,,,,,0.00%,,,,,,,,,,,,,,,0.00%
,,,,,,,,,,,,,,0.00%,,,,,,,,,,,,,,,,0.00%,,,,,,,,,,,,,,,0.00%,,,,,,,,,,,,,,,,,,0.00%,,,,,,,,,,,,,,,0.00%
,,,,,,,,,,,,,,0.00%,,,,,,,,,,,,,,,,0.00%,,,,,,,,,,,,,,,0.00%,,,,,,,,,,,,,,,,,,0.00%,,,,,,,,,,,,,,,0.00%
,,,,,,,,,,,,,,0.00%,,,,,,,,,,,,,,,,0.00%,,,,,,,,,,,,,,,0.00%,,,,,,,,,,,,,,,,,,0.00%,,,,,,,,,,,,,,,0.00%
,,,,,,,,,,,,,,0.00%,,,,,,,,,,,,,,,,0.00%,,,,,,,,,,,,,,,0.00%,,,,,,,,,,,,,,,,,,0.00%,,,,,,,,,,,,,,,0.00%
,,,,,,,,,,,,,,0.00%,,,,,,,,,,,,,,,,0.00%,,,,,,,,,,,,,,,0.00%,,,,,,,,,,,,,,,,,,0.00%,,,,,,,,,,,,,,,0.00%
,,,,,,,,,,,,,,0.00%,,,,,,,,,,,,,,,,0.00%,,,,,,,,,,,,,,,0.00%,,,,,,,,,,,,,,,,,,0.00%,,,,,,,,,,,,,,,0.00%
,,,,,,,,,,,,,,0.00%,,,,,,,,,,,,,,,,0.00%,,,,,,,,,,,,,,,0.00%,,,,,,,,,,,,,,,,,,0.00%,,,,,,,,,,,,,,,0.00%
,,,,,,,,,,,,,,0.00%,,,,,,,,,,,,,,,,0.00%,,,,,,,,,,,,,,,0.00%,,,,,,,,,,,,,,,,,,0.00%,,,,,,,,,,,,,,,0.00%
,,,,,,,,,,,,,,0.00%,,,,,,,,,,,,,,,,0.00%,,,,,,,,,,,,,,,0.00%,,,,,,,,,,,,,,,,,,0.00%,,,,,,,,,,,,,,,0.00%
,,,,,,,,,,,,,,0.00%,,,,,,,,,,,,,,,,0.00%,,,,,,,,,,,,,,,0.00%,,,,,,,,,,,,,,,,,,0.00%,,,,,,,,,,,,,,,0.00%
,,,,,,,,,,,,,,0.00%,,,,,,,,,,,,,,,,0.00%,,,,,,,,,,,,,,,0.00%,,,,,,,,,,,,,,,,,,0.00%,,,,,,,,,,,,,,,0.00%
,,,,,,,,,,,,,,0.00%,,,,,,,,,,,,,,,,0.00%,,,,,,,,,,,,,,,0.00%,,,,,,,,,,,,,,,,,,0.00%,,,,,,,,,,,,,,,0.00%
,,,,,,,,,,,,,,0.00%,,,,,,,,,,,,,,,,0.00%,,,,,,,,,,,,,,,0.00%,,,,,,,,,,,,,,,,,,0.00%,,,,,,,,,,,,,,,0.00%
,,,,,,,,,,,,,,0.00%,,,,,,,,,,,,,,,,0.00%,,,,,,,,,,,,,,,0.00%,,,,,,,,,,,,,,,,,,0.00%,,,,,,,,,,,,,,,0.00%
,,,,,,,,,,,,,,0.00%,,,,,,,,,,,,,,,,0.00%,,,,,,,,,,,,,,,0.00%,,,,,,,,,,,,,,,,,,0.00%,,,,,,,,,,,,,,,0.00%
,,,,,,,,,,,,,,0.00%,,,,,,,,,,,,,,,,0.00%,,,,,,,,,,,,,,,0.00%,,,,,,,,,,,,,,,,,,0.00%,,,,,,,,,,,,,,,0.00%
,,,,,,,,,,,,,,0.00%,,,,,,,,,,,,,,,,0.00%,,,,,,,,,,,,,,,0.00%,,,,,,,,,,,,,,,,,,0.00%,,,,,,,,,,,,,,,0.00%
,,,,,,,,,,,,,,0.00%,,,,,,,,,,,,,,,,0.00%,,,,,,,,,,,,,,,0.00%,,,,,,,,,,,,,,,,,,0.00%,,,,,,,,,,,,,,,0.00%
,,,,,,,,,,,,,,0.00%,,,,,,,,,,,,,,,,0.00%,,,,,,,,,,,,,,,0.00%,,,,,,,,,,,,,,,,,,0.00%,,,,,,,,,,,,,,,0.00%
,,,,,,,,,,,,,,0.00%,,,,,,,,,,,,,,,,0.00%,,,,,,,,,,,,,,,0.00%,,,,,,,,,,,,,,,,,,0.00%,,,,,,,,,,,,,,,0.00%
,,,,,,,,,,,,,,0.00%,,,,,,,,,,,,,,,,0.00%,,,,,,,,,,,,,,,0.00%,,,,,,,,,,,,,,,,,,0.00%,,,,,,,,,,,,,,,0.00%
,,,,,,,,,,,,,,0.00%,,,,,,,,,,,,,,,,0.00%,,,,,,,,,,,,,,,0.00%,,,,,,,,,,,,,,,,,,0.00%,,,,,,,,,,,,,,,0.00%
,,,,,,,,,,,,,,0.00%,,,,,,,,,,,,,,,,0.00%,,,,,,,,,,,,,,,0.00%,,,,,,,,,,,,,,,,,,0.00%,,,,,,,,,,,,,,,0.00%
,,,,,,,,,,,,,,0.00%,,,,,,,,,,,,,,,,0.00%,,,,,,,,,,,,,,,0.00%,,,,,,,,,,,,,,,,,,0.00%,,,,,,,,,,,,,,,0.00%
,,,,,,,,,,,,,,0.00%,,,,,,,,,,,,,,,,0.00%,,,,,,,,,,,,,,,0.00%,,,,,,,,,,,,,,,,,,0.00%,,,,,,,,,,,,,,,0.00%
,,,,,,,,,,,,,,0.00%,,,,,,,,,,,,,,,,0.00%,,,,,,,,,,,,,,,0.00%,,,,,,,,,,,,,,,,,,0.00%,,,,,,,,,,,,,,,0.00%
,,,,,,,,,,,,,,0.00%,,,,,,,,,,,,,,,,0.00%,,,,,,,,,,,,,,,0.00%,,,,,,,,,,,,,,,,,,0.00%,,,,,,,,,,,,,,,0.00%
,,,,,,,,,,,,,,0.00%,,,,,,,,,,,,,,,,0.00%,,,,,,,,,,,,,,,0.00%,,,,,,,,,,,,,,,,,,0.00%,,,,,,,,,,,,,,,0.00%
,,,,,,,,,,,,,,0.00%,,,,,,,,,,,,,,,,0.00%,,,,,,,,,,,,,,,0.00%,,,,,,,,,,,,,,,,,,0.00%,,,,,,,,,,,,,,,0.00%
,,,,,,,,,,,,,,0.00%,,,,,,,,,,,,,,,,0.00%,,,,,,,,,,,,,,,0.00%,,,,,,,,,,,,,,,,,,0.00%,,,,,,,,,,,,,,,0.00%
,,,,,,,,,,,,,,0.00%,,,,,,,,,,,,,,,,0.00%,,,,,,,,,,,,,,,0.00%,,,,,,,,,,,,,,,,,,0.00%,,,,,,,,,,,,,,,0.00%
,,,,,,,,,,,,,,0.00%,,,,,,,,,,,,,,,,0.00%,,,,,,,,,,,,,,,0.00%,,,,,,,,,,,,,,,,,,0.00%,,,,,,,,,,,,,,,0.00%
,,,,,,,,,,,,,,0.00%,,,,,,,,,,,,,,,,0.00%,,,,,,,,,,,,,,,0.00%,,,,,,,,,,,,,,,,,,0.00%,,,,,,,,,,,,,,,0.00%
,,,,,,,,,,,,,,0.00%,,,,,,,,,,,,,,,,0.00%,,,,,,,,,,,,,,,0.00%,,,,,,,,,,,,,,,,,,0.00%,,,,,,,,,,,,,,,0.00%
,,,,,,,,,,,,,,0.00%,,,,,,,,,,,,,,,,0.00%,,,,,,,,,,,,,,,0.00%,,,,,,,,,,,,,,,,,,0.00%,,,,,,,,,,,,,,,0.00%
,,,,,,,,,,,,,,0.00%,,,,,,,,,,,,,,,,0.00%,,,,,,,,,,,,,,,0.00%,,,,,,,,,,,,,,,,,,0.00%,,,,,,,,,,,,,,,0.00%
,,,,,,,,,,,,,,0.00%,,,,,,,,,,,,,,,,0.00%,,,,,,,,,,,,,,,0.00%,,,,,,,,,,,,,,,,,,0.00%,,,,,,,,,,,,,,,0.00%
,,,,,,,,,,,,,,0.00%,,,,,,,,,,,,,,,,0.00%,,,,,,,,,,,,,,,0.00%,,,,,,,,,,,,,,,,,,0.00%,,,,,,,,,,,,,,,0.00%
,,,,,,,,,,,,,,0.00%,,,,,,,,,,,,,,,,0.00%,,,,,,,,,,,,,,,0.00%,,,,,,,,,,,,,,,,,,0.00%,,,,,,,,,,,,,,,0.00%
,,,,,,,,,,,,,,0.00%,,,,,,,,,,,,,,,,0.00%,,,,,,,,,,,,,,,0.00%,,,,,,,,,,,,,,,,,,0.00%,,,,,,,,,,,,,,,0.00%
,,,,,,,,,,,,,,0.00%,,,,,,,,,,,,,,,,0.00%,,,,,,,,,,,,,,,0.00%,,,,,,,,,,,,,,,,,,0.00%,,,,,,,,,,,,,,,0.00%
,,,,,,,,,,,,,,0.00%,,,,,,,,,,,,,,,,0.00%,,,,,,,,,,,,,,,0.00%,,,,,,,,,,,,,,,,,,0.00%,,,,,,,,,,,,,,,0.00%
,,,,,,,,,,,,,,0.00%,,,,,,,,,,,,,,,,0.00%,,,,,,,,,,,,,,,0.00%,,,,,,,,,,,,,,,,,,0.00%,,,,,,,,,,,,,,,0.00%
,,,,,,,,,,,,,,0.00%,,,,,,,,,,,,,,,,0.00%,,,,,,,,,,,,,,,0.00%,,,,,,,,,,,,,,,,,,0.00%,,,,,,,,,,,,,,,0.00%
,,,,,,,,,,,,,,0.00%,,,,,,,,,,,,,,,,0.00%,,,,,,,,,,,,,,,0.00%,,,,,,,,,,,,,,,,,,0.00%,,,,,,,,,,,,,,,0.00%
,,,,,,,,,,,,,,0.00%,,,,,,,,,,,,,,,,0.00%,,,,,,,,,,,,,,,0.00%,,,,,,,,,,,,,,,,,,0.00%,,,,,,,,,,,,,,,0.00%
,,,,,,,,,,,,,,0.00%,,,,,,,,,,,,,,,,0.00%,,,,,,,,,,,,,,,0.00%,,,,,,,,,,,,,,,,,,0.00%,,,,,,,,,,,,,,,0.00%
,,,,,,,,,,,,,,0.00%,,,,,,,,,,,,,,,,0.00%,,,,,,,,,,,,,,,0.00%,,,,,,,,,,,,,,,,,,0.00%,,,,,,,,,,,,,,,0.00%
,,,,,,,,,,,,,,0.00%,,,,,,,,,,,,,,,,0.00%,,,,,,,,,,,,,,,0.00%,,,,,,,,,,,,,,,,,,0.00%,,,,,,,,,,,,,,,0.00%
,,,,,,,,,,,,,,0.00%,,,,,,,,,,,,,,,,0.00%,,,,,,,,,,,,,,,0.00%,,,,,,,,,,,,,,,,,,0.00%,,,,,,,,,,,,,,,0.00%
,,,,,,,,,,,,,,0.00%,,,,,,,,,,,,,,,,0.00%,,,,,,,,,,,,,,,0.00%,,,,,,,,,,,,,,,,,,0.00%,,,,,,,,,,,,,,,0.00%
,,,,,,,,,,,,,,0.00%,,,,,,,,,,,,,,,,0.00%,,,,,,,,,,,,,,,0.00%,,,,,,,,,,,,,,,,,,0.00%,,,,,,,,,,,,,,,0.00%
,,,,,,,,,,,,,,0.00%,,,,,,,,,,,,,,,,0.00%,,,,,,,,,,,,,,,0.00%,,,,,,,,,,,,,,,,,,0.00%,,,,,,,,,,,,,,,0.00%
,,,,,,,,,,,,,,0.00%,,,,,,,,,,,,,,,,0.00%,,,,,,,,,,,,,,,0.00%,,,,,,,,,,,,,,,,,,0.00%,,,,,,,,,,,,,,,0.00%
,,,,,,,,,,,,,,0.00%,,,,,,,,,,,,,,,,0.00%,,,,,,,,,,,,,,,0.00%,,,,,,,,,,,,,,,,,,0.00%,,,,,,,,,,,,,,,0.00%
,,,,,,,,,,,,,,0.00%,,,,,,,,,,,,,,,,0.00%,,,,,,,,,,,,,,,0.00%,,,,,,,,,,,,,,,,,,0.00%,,,,,,,,,,,,,,,0.00%
,,,,,,,,,,,,,,0.00%,,,,,,,,,,,,,,,,0.00%,,,,,,,,,,,,,,,0.00%,,,,,,,,,,,,,,,,,,0.00%,,,,,,,,,,,,,,,0.00%
,,,,,,,,,,,,,,0.00%,,,,,,,,,,,,,,,,0.00%,,,,,,,,,,,,,,,0.00%,,,,,,,,,,,,,,,,,,0.00%,,,,,,,,,,,,,,,0.00%
,,,,,,,,,,,,,,0.00%,,,,,,,,,,,,,,,,0.00%,,,,,,,,,,,,,,,0.00%,,,,,,,,,,,,,,,,,,0.00%,,,,,,,,,,,,,,,0.00%
,,,,,,,,,,,,,,0.00%,,,,,,,,,,,,,,,,0.00%,,,,,,,,,,,,,,,0.00%,,,,,,,,,,,,,,,,,,0.00%,,,,,,,,,,,,,,,0.00%
,,,,,,,,,,,,,,0.00%,,,,,,,,,,,,,,,,0.00%,,,,,,,,,,,,,,,0.00%,,,,,,,,,,,,,,,,,,0.00%,,,,,,,,,,,,,,,0.00%
,,,,,,,,,,,,,,0.00%,,,,,,,,,,,,,,,,0.00%,,,,,,,,,,,,,,,0.00%,,,,,,,,,,,,,,,,,,0.00%,,,,,,,,,,,,,,,0.00%
,,,,,,,,,,,,,,0.00%,,,,,,,,,,,,,,,,0.00%,,,,,,,,,,,,,,,0.00%,,,,,,,,,,,,,,,,,,0.00%,,,,,,,,,,,,,,,0.00%
,,,,,,,,,,,,,,0.00%,,,,,,,,,,,,,,,,0.00%,,,,,,,,,,,,,,,0.00%,,,,,,,,,,,,,,,,,,0.00%,,,,,,,,,,,,,,,0.00%
,,,,,,,,,,,,,,0.00%,,,,,,,,,,,,,,,,0.00%,,,,,,,,,,,,,,,0.00%,,,,,,,,,,,,,,,,,,0.00%,,,,,,,,,,,,,,,0.00%
,,,,,,,,,,,,,,0.00%,,,,,,,,,,,,,,,,0.00%,,,,,,,,,,,,,,,0.00%,,,,,,,,,,,,,,,,,,0.00%,,,,,,,,,,,,,,,0.00%
,,,,,,,,,,,,,,0.00%,,,,,,,,,,,,,,,,0.00%,,,,,,,,,,,,,,,0.00%,,,,,,,,,,,,,,,,,,0.00%,,,,,,,,,,,,,,,0.00%
,,,,,,,,,,,,,,0.00%,,,,,,,,,,,,,,,,0.00%,,,,,,,,,,,,,,,0.00%,,,,,,,,,,,,,,,,,,0.00%,,,,,,,,,,,,,,,0.00%
,,,,,,,,,,,,,,0.00%,,,,,,,,,,,,,,,,0.00%,,,,,,,,,,,,,,,0.00%,,,,,,,,,,,,,,,,,,0.00%,,,,,,,,,,,,,,,0.00%
,,,,,,,,,,,,,,0.00%,,,,,,,,,,,,,,,,0.00%,,,,,,,,,,,,,,,0.00%,,,,,,,,,,,,,,,,,,0.00%,,,,,,,,,,,,,,,0.00%
,,,,,,,,,,,,,,0.00%,,,,,,,,,,,,,,,,0.00%,,,,,,,,,,,,,,,0.00%,,,,,,,,,,,,,,,,,,0.00%,,,,,,,,,,,,,,,0.00%
,,,,,,,,,,,,,,0.00%,,,,,,,,,,,,,,,,0.00%,,,,,,,,,,,,,,,0.00%,,,,,,,,,,,,,,,,,,0.00%,,,,,,,,,,,,,,,0.00%
,,,,,,,,,,,,,,0.00%,,,,,,,,,,,,,,,,0.00%,,,,,,,,,,,,,,,0.00%,,,,,,,,,,,,,,,,,,0.00%,,,,,,,,,,,,,,,0.00%
,,,,,,,,,,,,,,0.00%,,,,,,,,,,,,,,,,0.00%,,,,,,,,,,,,,,,0.00%,,,,,,,,,,,,,,,,,,0.00%,,,,,,,,,,,,,,,0.00%
,,,,,,,,,,,,,,0.00%,,,,,,,,,,,,,,,,0.00%,,,,,,,,,,,,,,,0.00%,,,,,,,,,,,,,,,,,,0.00%,,,,,,,,,,,,,,,0.00%
,,,,,,,,,,,,,,0.00%,,,,,,,,,,,,,,,,0.00%,,,,,,,,,,,,,,,0.00%,,,,,,,,,,,,,,,,,,0.00%,,,,,,,,,,,,,,,0.00%
,,,,,,,,,,,,,,0.00%,,,,,,,,,,,,,,,,0.00%,,,,,,,,,,,,,,,0.00%,,,,,,,,,,,,,,,,,,0.00%,,,,,,,,,,,,,,,0.00%
,,,,,,,,,,,,,,0.00%,,,,,,,,,,,,,,,,0.00%,,,,,,,,,,,,,,,0.00%,,,,,,,,,,,,,,,,,,0.00%,,,,,,,,,,,,,,,0.00%
,,,,,,,,,,,,,,0.00%,,,,,,,,,,,,,,,,0.00%,,,,,,,,,,,,,,,0.00%,,,,,,,,,,,,,,,,,,0.00%,,,,,,,,,,,,,,,0.00%
,,,,,,,,,,,,,,0.00%,,,,,,,,,,,,,,,,0.00%,,,,,,,,,,,,,,,0.00%,,,,,,,,,,,,,,,,,,0.00%,,,,,,,,,,,,,,,0.00%
,,,,,,,,,,,,,,0.00%,,,,,,,,,,,,,,,,0.00%,,,,,,,,,,,,,,,0.00%,,,,,,,,,,,,,,,,,,0.00%,,,,,,,,,,,,,,,0.00%
,,,,,,,,,,,,,,0.00%,,,,,,,,,,,,,,,,0.00%,,,,,,,,,,,,,,,0.00%,,,,,,,,,,,,,,,,,,0.00%,,,,,,,,,,,,,,,0.00%
,,,,,,,,,,,,,,0.00%,,,,,,,,,,,,,,,,0.00%,,,,,,,,,,,,,,,0.00%,,,,,,,,,,,,,,,,,,0.00%,,,,,,,,,,,,,,,0.00%
,,,,,,,,,,,,,,0.00%,,,,,,,,,,,,,,,,0.00%,,,,,,,,,,,,,,,0.00%,,,,,,,,,,,,,,,,,,0.00%,,,,,,,,,,,,,,,0.00%
,,,,,,,,,,,,,,0.00%,,,,,,,,,,,,,,,,0.00%,,,,,,,,,,,,,,,0.00%,,,,,,,,,,,,,,,,,,0.00%,,,,,,,,,,,,,,,0.00%
,,,,,,,,,,,,,,0.00%,,,,,,,,,,,,,,,,0.00%,,,,,,,,,,,,,,,0.00%,,,,,,,,,,,,,,,,,,0.00%,,,,,,,,,,,,,,,0.00%
,,,,,,,,,,,,,,0.00%,,,,,,,,,,,,,,,,0.00%,,,,,,,,,,,,,,,0.00%,,,,,,,,,,,,,,,,,,0.00%,,,,,,,,,,,,,,,0.00%
,,,,,,,,,,,,,,0.00%,,,,,,,,,,,,,,,,0.00%,,,,,,,,,,,,,,,0.00%,,,,,,,,,,,,,,,,,,0.00%,,,,,,,,,,,,,,,0.00%
,,,,,,,,,,,,,,0.00%,,,,,,,,,,,,,,,,0.00%,,,,,,,,,,,,,,,0.00%,,,,,,,,,,,,,,,,,,0.00%,,,,,,,,,,,,,,,0.00%
,,,,,,,,,,,,,,0.00%,,,,,,,,,,,,,,,,0.00%,,,,,,,,,,,,,,,0.00%,,,,,,,,,,,,,,,,,,0.00%,,,,,,,,,,,,,,,0.00%
,,,,,,,,,,,,,,0.00%,,,,,,,,,,,,,,,,0.00%,,,,,,,,,,,,,,,0.00%,,,,,,,,,,,,,,,,,,0.00%,,,,,,,,,,,,,,,0.00%
,,,,,,,,,,,,,,0.00%,,,,,,,,,,,,,,,,0.00%,,,,,,,,,,,,,,,0.00%,,,,,,,,,,,,,,,,,,0.00%,,,,,,,,,,,,,,,0.00%
,,,,,,,,,,,,,,0.00%,,,,,,,,,,,,,,,,0.00%,,,,,,,,,,,,,,,0.00%,,,,,,,,,,,,,,,,,,0.00%,,,,,,,,,,,,,,,0.00%
,,,,,,,,,,,,,,0.00%,,,,,,,,,,,,,,,,0.00%,,,,,,,,,,,,,,,0.00%,,,,,,,,,,,,,,,,,,0.00%,,,,,,,,,,,,,,,0.00%
,,,,,,,,,,,,,,0.00%,,,,,,,,,,,,,,,,0.00%,,,,,,,,,,,,,,,0.00%,,,,,,,,,,,,,,,,,,0.00%,,,,,,,,,,,,,,,0.00%
,,,,,,,,,,,,,,0.00%,,,,,,,,,,,,,,,,0.00%,,,,,,,,,,,,,,,0.00%,,,,,,,,,,,,,,,,,,0.00%,,,,,,,,,,,,,,,0.00%
,,,,,,,,,,,,,,0.00%,,,,,,,,,,,,,,,,0.00%,,,,,,,,,,,,,,,0.00%,,,,,,,,,,,,,,,,,,0.00%,,,,,,,,,,,,,,,0.00%
,,,,,,,,,,,,,,0.00%,,,,,,,,,,,,,,,,0.00%,,,,,,,,,,,,,,,0.00%,,,,,,,,,,,,,,,,,,0.00%,,,,,,,,,,,,,,,0.00%
,,,,,,,,,,,,,,0.00%,,,,,,,,,,,,,,,,0.00%,,,,,,,,,,,,,,,0.00%,,,,,,,,,,,,,,,,,,0.00%,,,,,,,,,,,,,,,0.00%
,,,,,,,,,,,,,,0.00%,,,,,,,,,,,,,,,,0.00%,,,,,,,,,,,,,,,0.00%,,,,,,,,,,,,,,,,,,0.00%,,,,,,,,,,,,,,,0.00%
,,,,,,,,,,,,,,0.00%,,,,,,,,,,,,,,,,0.00%,,,,,,,,,,,,,,,0.00%,,,,,,,,,,,,,,,,,,0.00%,,,,,,,,,,,,,,,0.00%
,,,,,,,,,,,,,,0.00%,,,,,,,,,,,,,,,,0.00%,,,,,,,,,,,,,,,0.00%,,,,,,,,,,,,,,,,,,0.00%,,,,,,,,,,,,,,,0.00%
,,,,,,,,,,,,,,0.00%,,,,,,,,,,,,,,,,0.00%,,,,,,,,,,,,,,,0.00%,,,,,,,,,,,,,,,,,,0.00%,,,,,,,,,,,,,,,0.00%
,,,,,,,,,,,,,,0.00%,,,,,,,,,,,,,,,,0.00%,,,,,,,,,,,,,,,0.00%,,,,,,,,,,,,,,,,,,0.00%,,,,,,,,,,,,,,,0.00%
,,,,,,,,,,,,,,0.00%,,,,,,,,,,,,,,,,0.00%,,,,,,,,,,,,,,,0.00%,,,,,,,,,,,,,,,,,,0.00%,,,,,,,,,,,,,,,0.00%
,,,,,,,,,,,,,,0.00%,,,,,,,,,,,,,,,,0.00%,,,,,,,,,,,,,,,0.00%,,,,,,,,,,,,,,,,,,0.00%,,,,,,,,,,,,,,,0.00%
,,,,,,,,,,,,,,0.00%,,,,,,,,,,,,,,,,0.00%,,,,,,,,,,,,,,,0.00%,,,,,,,,,,,,,,,,,,0.00%,,,,,,,,,,,,,,,0.00%
,,,,,,,,,,,,,,0.00%,,,,,,,,,,,,,,,,0.00%,,,,,,,,,,,,,,,0.00%,,,,,,,,,,,,,,,,,,0.00%,,,,,,,,,,,,,,,0.00%
,,,,,,,,,,,,,,0.00%,,,,,,,,,,,,,,,,0.00%,,,,,,,,,,,,,,,0.00%,,,,,,,,,,,,,,,,,,0.00%,,,,,,,,,,,,,,,0.00%
,,,,,,,,,,,,,,0.00%,,,,,,,,,,,,,,,,0.00%,,,,,,,,,,,,,,,0.00%,,,,,,,,,,,,,,,,,,0.00%,,,,,,,,,,,,,,,0.00%
,,,,,,,,,,,,,,0.00%,,,,,,,,,,,,,,,,0.00%,,,,,,,,,,,,,,,0.00%,,,,,,,,,,,,,,,,,,0.00%,,,,,,,,,,,,,,,0.00%
,,,,,,,,,,,,,,0.00%,,,,,,,,,,,,,,,,0.00%,,,,,,,,,,,,,,,0.00%,,,,,,,,,,,,,,,,,,0.00%,,,,,,,,,,,,,,,0.00%
,,,,,,,,,,,,,,0.00%,,,,,,,,,,,,,,,,0.00%,,,,,,,,,,,,,,,0.00%,,,,,,,,,,,,,,,,,,0.00%,,,,,,,,,,,,,,,0.00%
,,,,,,,,,,,,,,0.00%,,,,,,,,,,,,,,,,0.00%,,,,,,,,,,,,,,,0.00%,,,,,,,,,,,,,,,,,,0.00%,,,,,,,,,,,,,,,0.00%
,,,,,,,,,,,,,,0.00%,,,,,,,,,,,,,,,,0.00%,,,,,,,,,,,,,,,0.00%,,,,,,,,,,,,,,,,,,0.00%,,,,,,,,,,,,,,,0.00%
,,,,,,,,,,,,,,0.00%,,,,,,,,,,,,,,,,0.00%,,,,,,,,,,,,,,,0.00%,,,,,,,,,,,,,,,,,,0.00%,,,,,,,,,,,,,,,0.00%
,,,,,,,,,,,,,,0.00%,,,,,,,,,,,,,,,,0.00%,,,,,,,,,,,,,,,0.00%,,,,,,,,,,,,,,,,,,0.00%,,,,,,,,,,,,,,,0.00%
,,,,,,,,,,,,,,0.00%,,,,,,,,,,,,,,,,0.00%,,,,,,,,,,,,,,,0.00%,,,,,,,,,,,,,,,,,,0.00%,,,,,,,,,,,,,,,0.00%
,,,,,,,,,,,,,,0.00%,,,,,,,,,,,,,,,,0.00%,,,,,,,,,,,,,,,0.00%,,,,,,,,,,,,,,,,,,0.00%,,,,,,,,,,,,,,,0.00%
,,,,,,,,,,,,,,0.00%,,,,,,,,,,,,,,,,0.00%,,,,,,,,,,,,,,,0.00%,,,,,,,,,,,,,,,,,,0.00%,,,,,,,,,,,,,,,0.00%
,,,,,,,,,,,,,,0.00%,,,,,,,,,,,,,,,,0.00%,,,,,,,,,,,,,,,0.00%,,,,,,,,,,,,,,,,,,0.00%,,,,,,,,,,,,,,,0.00%
,,,,,,,,,,,,,,0.00%,,,,,,,,,,,,,,,,0.00%,,,,,,,,,,,,,,,0.00%,,,,,,,,,,,,,,,,,,0.00%,,,,,,,,,,,,,,,0.00%
,,,,,,,,,,,,,,0.00%,,,,,,,,,,,,,,,,0.00%,,,,,,,,,,,,,,,0.00%,,,,,,,,,,,,,,,,,,0.00%,,,,,,,,,,,,,,,0.00%
,,,,,,,,,,,,,,0.00%,,,,,,,,,,,,,,,,0.00%,,,,,,,,,,,,,,,0.00%,,,,,,,,,,,,,,,,,,0.00%,,,,,,,,,,,,,,,0.00%
,,,,,,,,,,,,,,0.00%,,,,,,,,,,,,,,,,0.00%,,,,,,,,,,,,,,,0.00%,,,,,,,,,,,,,,,,,,0.00%,,,,,,,,,,,,,,,0.00%
,,,,,,,,,,,,,,0.00%,,,,,,,,,,,,,,,,0.00%,,,,,,,,,,,,,,,0.00%,,,,,,,,,,,,,,,,,,0.00%,,,,,,,,,,,,,,,0.00%
,,,,,,,,,,,,,,0.00%,,,,,,,,,,,,,,,,0.00%,,,,,,,,,,,,,,,0.00%,,,,,,,,,,,,,,,,,,0.00%,,,,,,,,,,,,,,,0.00%
,,,,,,,,,,,,,,0.00%,,,,,,,,,,,,,,,,0.00%,,,,,,,,,,,,,,,0.00%,,,,,,,,,,,,,,,,,,0.00%,,,,,,,,,,,,,,,0.00%
,,,,,,,,,,,,,,0.00%,,,,,,,,,,,,,,,,0.00%,,,,,,,,,,,,,,,0.00%,,,,,,,,,,,,,,,,,,0.00%,,,,,,,,,,,,,,,0.00%
,,,,,,,,,,,,,,0.00%,,,,,,,,,,,,,,,,0.00%,,,,,,,,,,,,,,,0.00%,,,,,,,,,,,,,,,,,,0.00%,,,,,,,,,,,,,,,0.00%
,,,,,,,,,,,,,,0.00%,,,,,,,,,,,,,,,,0.00%,,,,,,,,,,,,,,,0.00%,,,,,,,,,,,,,,,,,,0.00%,,,,,,,,,,,,,,,0.00%
,,,,,,,,,,,,,,0.00%,,,,,,,,,,,,,,,,0.00%,,,,,,,,,,,,,,,0.00%,,,,,,,,,,,,,,,,,,0.00%,,,,,,,,,,,,,,,0.00%
,,,,,,,,,,,,,,0.00%,,,,,,,,,,,,,,,,0.00%,,,,,,,,,,,,,,,0.00%,,,,,,,,,,,,,,,,,,0.00%,,,,,,,,,,,,,,,0.00%
,,,,,,,,,,,,,,0.00%,,,,,,,,,,,,,,,,0.00%,,,,,,,,,,,,,,,0.00%,,,,,,,,,,,,,,,,,,0.00%,,,,,,,,,,,,,,,0.00%
,,,,,,,,,,,,,,0.00%,,,,,,,,,,,,,,,,0.00%,,,,,,,,,,,,,,,0.00%,,,,,,,,,,,,,,,,,,0.00%,,,,,,,,,,,,,,,0.00%
,,,,,,,,,,,,,,0.00%,,,,,,,,,,,,,,,,0.00%,,,,,,,,,,,,,,,0.00%,,,,,,,,,,,,,,,,,,0.00%,,,,,,,,,,,,,,,0.00%
,,,,,,,,,,,,,,0.00%,,,,,,,,,,,,,,,,0.00%,,,,,,,,,,,,,,,0.00%,,,,,,,,,,,,,,,,,,0.00%,,,,,,,,,,,,,,,0.00%
,,,,,,,,,,,,,,0.00%,,,,,,,,,,,,,,,,0.00%,,,,,,,,,,,,,,,0.00%,,,,,,,,,,,,,,,,,,0.00%,,,,,,,,,,,,,,,0.00%
,,,,,,,,,,,,,,0.00%,,,,,,,,,,,,,,,,0.00%,,,,,,,,,,,,,,,0.00%,,,,,,,,,,,,,,,,,,0.00%,,,,,,,,,,,,,,,0.00%
,,,,,,,,,,,,,,0.00%,,,,,,,,,,,,,,,,0.00%,,,,,,,,,,,,,,,0.00%,,,,,,,,,,,,,,,,,,0.00%,,,,,,,,,,,,,,,0.00%
,,,,,,,,,,,,,,0.00%,,,,,,,,,,,,,,,,0.00%,,,,,,,,,,,,,,,0.00%,,,,,,,,,,,,,,,,,,0.00%,,,,,,,,,,,,,,,0.00%
,,,,,,,,,,,,,,0.00%,,,,,,,,,,,,,,,,0.00%,,,,,,,,,,,,,,,0.00%,,,,,,,,,,,,,,,,,,0.00%,,,,,,,,,,,,,,,0.00%
,,,,,,,,,,,,,,0.00%,,,,,,,,,,,,,,,,0.00%,,,,,,,,,,,,,,,0.00%,,,,,,,,,,,,,,,,,,0.00%,,,,,,,,,,,,,,,0.00%
,,,,,,,,,,,,,,0.00%,,,,,,,,,,,,,,,,0.00%,,,,,,,,,,,,,,,0.00%,,,,,,,,,,,,,,,,,,0.00%,,,,,,,,,,,,,,,0.00%
,,,,,,,,,,,,,,0.00%,,,,,,,,,,,,,,,,0.00%,,,,,,,,,,,,,,,0.00%,,,,,,,,,,,,,,,,,,0.00%,,,,,,,,,,,,,,,0.00%
,,,,,,,,,,,,,,0.00%,,,,,,,,,,,,,,,,0.00%,,,,,,,,,,,,,,,0.00%,,,,,,,,,,,,,,,,,,0.00%,,,,,,,,,,,,,,,0.00%
,,,,,,,,,,,,,,0.00%,,,,,,,,,,,,,,,,0.00%,,,,,,,,,,,,,,,0.00%,,,,,,,,,,,,,,,,,,0.00%,,,,,,,,,,,,,,,0.00%
,,,,,,,,,,,,,,0.00%,,,,,,,,,,,,,,,,0.00%,,,,,,,,,,,,,,,0.00%,,,,,,,,,,,,,,,,,,0.00%,,,,,,,,,,,,,,,0.00%
,,,,,,,,,,,,,,0.00%,,,,,,,,,,,,,,,,0.00%,,,,,,,,,,,,,,,0.00%,,,,,,,,,,,,,,,,,,0.00%,,,,,,,,,,,,,,,0.00%
,,,,,,,,,,,,,,0.00%,,,,,,,,,,,,,,,,0.00%,,,,,,,,,,,,,,,0.00%,,,,,,,,,,,,,,,,,,0.00%,,,,,,,,,,,,,,,0.00%
,,,,,,,,,,,,,,0.00%,,,,,,,,,,,,,,,,0.00%,,,,,,,,,,,,,,,0.00%,,,,,,,,,,,,,,,,,,0.00%,,,,,,,,,,,,,,,0.00%
,,,,,,,,,,,,,,0.00%,,,,,,,,,,,,,,,,0.00%,,,,,,,,,,,,,,,0.00%,,,,,,,,,,,,,,,,,,0.00%,,,,,,,,,,,,,,,0.00%
,,,,,,,,,,,,,,0.00%,,,,,,,,,,,,,,,,0.00%,,,,,,,,,,,,,,,0.00%,,,,,,,,,,,,,,,,,,0.00%,,,,,,,,,,,,,,,0.00%
,,,,,,,,,,,,,,0.00%,,,,,,,,,,,,,,,,0.00%,,,,,,,,,,,,,,,0.00%,,,,,,,,,,,,,,,,,,0.00%,,,,,,,,,,,,,,,0.00%
,,,,,,,,,,,,,,0.00%,,,,,,,,,,,,,,,,0.00%,,,,,,,,,,,,,,,0.00%,,,,,,,,,,,,,,,,,,0.00%,,,,,,,,,,,,,,,0.00%
,,,,,,,,,,,,,,0.00%,,,,,,,,,,,,,,,,0.00%,,,,,,,,,,,,,,,0.00%,,,,,,,,,,,,,,,,,,0.00%,,,,,,,,,,,,,,,0.00%
,,,,,,,,,,,,,,0.00%,,,,,,,,,,,,,,,,0.00%,,,,,,,,,,,,,,,0.00%,,,,,,,,,,,,,,,,,,0.00%,,,,,,,,,,,,,,,0.00%
,,,,,,,,,,,,,,0.00%,,,,,,,,,,,,,,,,0.00%,,,,,,,,,,,,,,,0.00%,,,,,,,,,,,,,,,,,,0.00%,,,,,,,,,,,,,,,0.00%
,,,,,,,,,,,,,,0.00%,,,,,,,,,,,,,,,,0.00%,,,,,,,,,,,,,,,0.00%,,,,,,,,,,,,,,,,,,0.00%,,,,,,,,,,,,,,,0.00%
,,,,,,,,,,,,,,0.00%,,,,,,,,,,,,,,,,0.00%,,,,,,,,,,,,,,,0.00%,,,,,,,,,,,,,,,,,,0.00%,,,,,,,,,,,,,,,0.00%
,,,,,,,,,,,,,,0.00%,,,,,,,,,,,,,,,,0.00%,,,,,,,,,,,,,,,0.00%,,,,,,,,,,,,,,,,,,0.00%,,,,,,,,,,,,,,,0.00%
,,,,,,,,,,,,,,0.00%,,,,,,,,,,,,,,,,0.00%,,,,,,,,,,,,,,,0.00%,,,,,,,,,,,,,,,,,,0.00%,,,,,,,,,,,,,,,0.00%
,,,,,,,,,,,,,,0.00%,,,,,,,,,,,,,,,,0.00%,,,,,,,,,,,,,,,0.00%,,,,,,,,,,,,,,,,,,0.00%,,,,,,,,,,,,,,,0.00%
,,,,,,,,,,,,,,0.00%,,,,,,,,,,,,,,,,0.00%,,,,,,,,,,,,,,,0.00%,,,,,,,,,,,,,,,,,,0.00%,,,,,,,,,,,,,,,0.00%
,,,,,,,,,,,,,,0.00%,,,,,,,,,,,,,,,,0.00%,,,,,,,,,,,,,,,0.00%,,,,,,,,,,,,,,,,,,0.00%,,,,,,,,,,,,,,,0.00%
,,,,,,,,,,,,,,0.00%,,,,,,,,,,,,,,,,0.00%,,,,,,,,,,,,,,,0.00%,,,,,,,,,,,,,,,,,,0.00%,,,,,,,,,,,,,,,0.00%
,,,,,,,,,,,,,,0.00%,,,,,,,,,,,,,,,,0.00%,,,,,,,,,,,,,,,0.00%,,,,,,,,,,,,,,,,,,0.00%,,,,,,,,,,,,,,,0.00%
,,,,,,,,,,,,,,0.00%,,,,,,,,,,,,,,,,0.00%,,,,,,,,,,,,,,,0.00%,,,,,,,,,,,,,,,,,,0.00%,,,,,,,,,,,,,,,0.00%
,,,,,,,,,,,,,,0.00%,,,,,,,,,,,,,,,,0.00%,,,,,,,,,,,,,,,0.00%,,,,,,,,,,,,,,,,,,0.00%,,,,,,,,,,,,,,,0.00%
,,,,,,,,,,,,,,0.00%,,,,,,,,,,,,,,,,0.00%,,,,,,,,,,,,,,,0.00%,,,,,,,,,,,,,,,,,,0.00%,,,,,,,,,,,,,,,0.00%
,,,,,,,,,,,,,,0.00%,,,,,,,,,,,,,,,,0.00%,,,,,,,,,,,,,,,0.00%,,,,,,,,,,,,,,,,,,0.00%,,,,,,,,,,,,,,,0.00%
,,,,,,,,,,,,,,0.00%,,,,,,,,,,,,,,,,0.00%,,,,,,,,,,,,,,,0.00%,,,,,,,,,,,,,,,,,,0.00%,,,,,,,,,,,,,,,0.00%
,,,,,,,,,,,,,,0.00%,,,,,,,,,,,,,,,,0.00%,,,,,,,,,,,,,,,0.00%,,,,,,,,,,,,,,,,,,0.00%,,,,,,,,,,,,,,,0.00%
,,,,,,,,,,,,,,0.00%,,,,,,,,,,,,,,,,0.00%,,,,,,,,,,,,,,,0.00%,,,,,,,,,,,,,,,,,,0.00%,,,,,,,,,,,,,,,0.00%
,,,,,,,,,,,,,,0.00%,,,,,,,,,,,,,,,,0.00%,,,,,,,,,,,,,,,0.00%,,,,,,,,,,,,,,,,,,0.00%,,,,,,,,,,,,,,,0.00%
,,,,,,,,,,,,,,0.00%,,,,,,,,,,,,,,,,0.00%,,,,,,,,,,,,,,,0.00%,,,,,,,,,,,,,,,,,,0.00%,,,,,,,,,,,,,,,0.00%
,,,,,,,,,,,,,,0.00%,,,,,,,,,,,,,,,,0.00%,,,,,,,,,,,,,,,0.00%,,,,,,,,,,,,,,,,,,0.00%,,,,,,,,,,,,,,,0.00%
,,,,,,,,,,,,,,0.00%,,,,,,,,,,,,,,,,0.00%,,,,,,,,,,,,,,,0.00%,,,,,,,,,,,,,,,,,,0.00%,,,,,,,,,,,,,,,0.00%
,,,,,,,,,,,,,,0.00%,,,,,,,,,,,,,,,,0.00%,,,,,,,,,,,,,,,0.00%,,,,,,,,,,,,,,,,,,0.00%,,,,,,,,,,,,,,,0.00%
,,,,,,,,,,,,,,0.00%,,,,,,,,,,,,,,,,0.00%,,,,,,,,,,,,,,,0.00%,,,,,,,,,,,,,,,,,,0.00%,,,,,,,,,,,,,,,0.00%
,,,,,,,,,,,,,,0.00%,,,,,,,,,,,,,,,,0.00%,,,,,,,,,,,,,,,0.00%,,,,,,,,,,,,,,,,,,0.00%,,,,,,,,,,,,,,,0.00%
,,,,,,,,,,,,,,0.00%,,,,,,,,,,,,,,,,0.00%,,,,,,,,,,,,,,,0.00%,,,,,,,,,,,,,,,,,,0.00%,,,,,,,,,,,,,,,0.00%
,,,,,,,,,,,,,,0.00%,,,,,,,,,,,,,,,,0.00%,,,,,,,,,,,,,,,0.00%,,,,,,,,,,,,,,,,,,0.00%,,,,,,,,,,,,,,,0.00%
,,,,,,,,,,,,,,0.00%,,,,,,,,,,,,,,,,0.00%,,,,,,,,,,,,,,,0.00%,,,,,,,,,,,,,,,,,,0.00%,,,,,,,,,,,,,,,0.00%
,,,,,,,,,,,,,,0.00%,,,,,,,,,,,,,,,,0.00%,,,,,,,,,,,,,,,0.00%,,,,,,,,,,,,,,,,,,0.00%,,,,,,,,,,,,,,,0.00%
,,,,,,,,,,,,,,0.00%,,,,,,,,,,,,,,,,0.00%,,,,,,,,,,,,,,,0.00%,,,,,,,,,,,,,,,,,,0.00%,,,,,,,,,,,,,,,0.00%
,,,,,,,,,,,,,,0.00%,,,,,,,,,,,,,,,,0.00%,,,,,,,,,,,,,,,0.00%,,,,,,,,,,,,,,,,,,0.00%,,,,,,,,,,,,,,,0.00%
,,,,,,,,,,,,,,0.00%,,,,,,,,,,,,,,,,0.00%,,,,,,,,,,,,,,,0.00%,,,,,,,,,,,,,,,,,,0.00%,,,,,,,,,,,,,,,0.00%
,,,,,,,,,,,,,,0.00%,,,,,,,,,,,,,,,,0.00%,,,,,,,,,,,,,,,0.00%,,,,,,,,,,,,,,,,,,0.00%,,,,,,,,,,,,,,,0.00%
,,,,,,,,,,,,,,0.00%,,,,,,,,,,,,,,,,0.00%,,,,,,,,,,,,,,,0.00%,,,,,,,,,,,,,,,,,,0.00%,,,,,,,,,,,,,,,0.00%
,,,,,,,,,,,,,,0.00%,,,,,,,,,,,,,,,,0.00%,,,,,,,,,,,,,,,0.00%,,,,,,,,,,,,,,,,,,0.00%,,,,,,,,,,,,,,,0.00%
,,,,,,,,,,,,,,0.00%,,,,,,,,,,,,,,,,0.00%,,,,,,,,,,,,,,,0.00%,,,,,,,,,,,,,,,,,,0.00%,,,,,,,,,,,,,,,0.00%
,,,,,,,,,,,,,,0.00%,,,,,,,,,,,,,,,,0.00%,,,,,,,,,,,,,,,0.00%,,,,,,,,,,,,,,,,,,0.00%,,,,,,,,,,,,,,,0.00%
,,,,,,,,,,,,,,0.00%,,,,,,,,,,,,,,,,0.00%,,,,,,,,,,,,,,,0.00%,,,,,,,,,,,,,,,,,,0.00%,,,,,,,,,,,,,,,0.00%
,,,,,,,,,,,,,,0.00%,,,,,,,,,,,,,,,,0.00%,,,,,,,,,,,,,,,0.00%,,,,,,,,,,,,,,,,,,0.00%,,,,,,,,,,,,,,,0.00%
,,,,,,,,,,,,,,0.00%,,,,,,,,,,,,,,,,0.00%,,,,,,,,,,,,,,,0.00%,,,,,,,,,,,,,,,,,,0.00%,,,,,,,,,,,,,,,0.00%
,,,,,,,,,,,,,,0.00%,,,,,,,,,,,,,,,,0.00%,,,,,,,,,,,,,,,0.00%,,,,,,,,,,,,,,,,,,0.00%,,,,,,,,,,,,,,,0.00%
,,,,,,,,,,,,,,0.00%,,,,,,,,,,,,,,,,0.00%,,,,,,,,,,,,,,,0.00%,,,,,,,,,,,,,,,,,,0.00%,,,,,,,,,,,,,,,0.00%
,,,,,,,,,,,,,,0.00%,,,,,,,,,,,,,,,,0.00%,,,,,,,,,,,,,,,0.00%,,,,,,,,,,,,,,,,,,0.00%,,,,,,,,,,,,,,,0.00%
,,,,,,,,,,,,,,0.00%,,,,,,,,,,,,,,,,0.00%,,,,,,,,,,,,,,,0.00%,,,,,,,,,,,,,,,,,,0.00%,,,,,,,,,,,,,,,0.00%
,,,,,,,,,,,,,,0.00%,,,,,,,,,,,,,,,,0.00%,,,,,,,,,,,,,,,0.00%,,,,,,,,,,,,,,,,,,0.00%,,,,,,,,,,,,,,,0.00%
,,,,,,,,,,,,,,0.00%,,,,,,,,,,,,,,,,0.00%,,,,,,,,,,,,,,,0.00%,,,,,,,,,,,,,,,,,,0.00%,,,,,,,,,,,,,,,0.00%
,,,,,,,,,,,,,,0.00%,,,,,,,,,,,,,,,,0.00%,,,,,,,,,,,,,,,0.00%,,,,,,,,,,,,,,,,,,0.00%,,,,,,,,,,,,,,,0.00%
,,,,,,,,,,,,,,0.00%,,,,,,,,,,,,,,,,0.00%,,,,,,,,,,,,,,,0.00%,,,,,,,,,,,,,,,,,,0.00%,,,,,,,,,,,,,,,0.00%
,,,,,,,,,,,,,,0.00%,,,,,,,,,,,,,,,,0.00%,,,,,,,,,,,,,,,0.00%,,,,,,,,,,,,,,,,,,0.00%,,,,,,,,,,,,,,,0.00%
,,,,,,,,,,,,,,0.00%,,,,,,,,,,,,,,,,0.00%,,,,,,,,,,,,,,,0.00%,,,,,,,,,,,,,,,,,,0.00%,,,,,,,,,,,,,,,0.00%
,,,,,,,,,,,,,,0.00%,,,,,,,,,,,,,,,,0.00%,,,,,,,,,,,,,,,0.00%,,,,,,,,,,,,,,,,,,0.00%,,,,,,,,,,,,,,,0.00%
,,,,,,,,,,,,,,0.00%,,,,,,,,,,,,,,,,0.00%,,,,,,,,,,,,,,,0.00%,,,,,,,,,,,,,,,,,,0.00%,,,,,,,,,,,,,,,0.00%
,,,,,,,,,,,,,,0.00%,,,,,,,,,,,,,,,,0.00%,,,,,,,,,,,,,,,0.00%,,,,,,,,,,,,,,,,,,0.00%,,,,,,,,,,,,,,,0.00%
,,,,,,,,,,,,,,0.00%,,,,,,,,,,,,,,,,0.00%,,,,,,,,,,,,,,,0.00%,,,,,,,,,,,,,,,,,,0.00%,,,,,,,,,,,,,,,0.00%
,,,,,,,,,,,,,,0.00%,,,,,,,,,,,,,,,,0.00%,,,,,,,,,,,,,,,0.00%,,,,,,,,,,,,,,,,,,0.00%,,,,,,,,,,,,,,,0.00%
,,,,,,,,,,,,,,0.00%,,,,,,,,,,,,,,,,0.00%,,,,,,,,,,,,,,,0.00%,,,,,,,,,,,,,,,,,,0.00%,,,,,,,,,,,,,,,0.00%
,,,,,,,,,,,,,,0.00%,,,,,,,,,,,,,,,,0.00%,,,,,,,,,,,,,,,0.00%,,,,,,,,,,,,,,,,,,0.00%,,,,,,,,,,,,,,,0.00%
,,,,,,,,,,,,,,0.00%,,,,,,,,,,,,,,,,0.00%,,,,,,,,,,,,,,,0.00%,,,,,,,,,,,,,,,,,,0.00%,,,,,,,,,,,,,,,0.00%
,,,,,,,,,,,,,,0.00%,,,,,,,,,,,,,,,,0.00%,,,,,,,,,,,,,,,0.00%,,,,,,,,,,,,,,,,,,0.00%,,,,,,,,,,,,,,,0.00%
,,,,,,,,,,,,,,0.00%,,,,,,,,,,,,,,,,0.00%,,,,,,,,,,,,,,,0.00%,,,,,,,,,,,,,,,,,,0.00%,,,,,,,,,,,,,,,0.00%
,,,,,,,,,,,,,,0.00%,,,,,,,,,,,,,,,,0.00%,,,,,,,,,,,,,,,0.00%,,,,,,,,,,,,,,,,,,0.00%,,,,,,,,,,,,,,,0.00%
,,,,,,,,,,,,,,0.00%,,,,,,,,,,,,,,,,0.00%,,,,,,,,,,,,,,,0.00%,,,,,,,,,,,,,,,,,,0.00%,,,,,,,,,,,,,,,0.00%
,,,,,,,,,,,,,,0.00%,,,,,,,,,,,,,,,,0.00%,,,,,,,,,,,,,,,0.00%,,,,,,,,,,,,,,,,,,0.00%,,,,,,,,,,,,,,,0.00%
,,,,,,,,,,,,,,0.00%,,,,,,,,,,,,,,,,0.00%,,,,,,,,,,,,,,,0.00%,,,,,,,,,,,,,,,,,,0.00%,,,,,,,,,,,,,,,0.00%
,,,,,,,,,,,,,,0.00%,,,,,,,,,,,,,,,,0.00%,,,,,,,,,,,,,,,0.00%,,,,,,,,,,,,,,,,,,0.00%,,,,,,,,,,,,,,,0.00%
,,,,,,,,,,,,,,0.00%,,,,,,,,,,,,,,,,0.00%,,,,,,,,,,,,,,,0.00%,,,,,,,,,,,,,,,,,,0.00%,,,,,,,,,,,,,,,0.00%
,,,,,,,,,,,,,,0.00%,,,,,,,,,,,,,,,,0.00%,,,,,,,,,,,,,,,0.00%,,,,,,,,,,,,,,,,,,0.00%,,,,,,,,,,,,,,,0.00%
,,,,,,,,,,,,,,0.00%,,,,,,,,,,,,,,,,0.00%,,,,,,,,,,,,,,,0.00%,,,,,,,,,,,,,,,,,,0.00%,,,,,,,,,,,,,,,0.00%
,,,,,,,,,,,,,,0.00%,,,,,,,,,,,,,,,,0.00%,,,,,,,,,,,,,,,0.00%,,,,,,,,,,,,,,,,,,0.00%,,,,,,,,,,,,,,,0.00%
,,,,,,,,,,,,,,0.00%,,,,,,,,,,,,,,,,0.00%,,,,,,,,,,,,,,,0.00%,,,,,,,,,,,,,,,,,,0.00%,,,,,,,,,,,,,,,0.00%
,,,,,,,,,,,,,,0.00%,,,,,,,,,,,,,,,,0.00%,,,,,,,,,,,,,,,0.00%,,,,,,,,,,,,,,,,,,0.00%,,,,,,,,,,,,,,,0.00%
,,,,,,,,,,,,,,0.00%,,,,,,,,,,,,,,,,0.00%,,,,,,,,,,,,,,,0.00%,,,,,,,,,,,,,,,,,,0.00%,,,,,,,,,,,,,,,0.00%
,,,,,,,,,,,,,,0.00%,,,,,,,,,,,,,,,,0.00%,,,,,,,,,,,,,,,0.00%,,,,,,,,,,,,,,,,,,0.00%,,,,,,,,,,,,,,,0.00%
,,,,,,,,,,,,,,0.00%,,,,,,,,,,,,,,,,0.00%,,,,,,,,,,,,,,,0.00%,,,,,,,,,,,,,,,,,,0.00%,,,,,,,,,,,,,,,0.00%
,,,,,,,,,,,,,,0.00%,,,,,,,,,,,,,,,,0.00%,,,,,,,,,,,,,,,0.00%,,,,,,,,,,,,,,,,,,0.00%,,,,,,,,,,,,,,,0.00%
,,,,,,,,,,,,,,0.00%,,,,,,,,,,,,,,,,0.00%,,,,,,,,,,,,,,,0.00%,,,,,,,,,,,,,,,,,,0.00%,,,,,,,,,,,,,,,0.00%
,,,,,,,,,,,,,,0.00%,,,,,,,,,,,,,,,,0.00%,,,,,,,,,,,,,,,0.00%,,,,,,,,,,,,,,,,,,0.00%,,,,,,,,,,,,,,,0.00%
,,,,,,,,,,,,,,0.00%,,,,,,,,,,,,,,,,0.00%,,,,,,,,,,,,,,,0.00%,,,,,,,,,,,,,,,,,,0.00%,,,,,,,,,,,,,,,0.00%
,,,,,,,,,,,,,,0.00%,,,,,,,,,,,,,,,,0.00%,,,,,,,,,,,,,,,0.00%,,,,,,,,,,,,,,,,,,0.00%,,,,,,,,,,,,,,,0.00%
,,,,,,,,,,,,,,0.00%,,,,,,,,,,,,,,,,0.00%,,,,,,,,,,,,,,,0.00%,,,,,,,,,,,,,,,,,,0.00%,,,,,,,,,,,,,,,0.00%
,,,,,,,,,,,,,,0.00%,,,,,,,,,,,,,,,,0.00%,,,,,,,,,,,,,,,0.00%,,,,,,,,,,,,,,,,,,0.00%,,,,,,,,,,,,,,,0.00%
,,,,,,,,,,,,,,0.00%,,,,,,,,,,,,,,,,0.00%,,,,,,,,,,,,,,,0.00%,,,,,,,,,,,,,,,,,,0.00%,,,,,,,,,,,,,,,0.00%
,,,,,,,,,,,,,,0.00%,,,,,,,,,,,,,,,,0.00%,,,,,,,,,,,,,,,0.00%,,,,,,,,,,,,,,,,,,0.00%,,,,,,,,,,,,,,,0.00%
,,,,,,,,,,,,,,0.00%,,,,,,,,,,,,,,,,0.00%,,,,,,,,,,,,,,,0.00%,,,,,,,,,,,,,,,,,,0.00%,,,,,,,,,,,,,,,0.00%
,,,,,,,,,,,,,,0.00%,,,,,,,,,,,,,,,,0.00%,,,,,,,,,,,,,,,0.00%,,,,,,,,,,,,,,,,,,0.00%,,,,,,,,,,,,,,,0.00%
,,,,,,,,,,,,,,0.00%,,,,,,,,,,,,,,,,0.00%,,,,,,,,,,,,,,,0.00%,,,,,,,,,,,,,,,,,,0.00%,,,,,,,,,,,,,,,0.00%
,,,,,,,,,,,,,,0.00%,,,,,,,,,,,,,,,,0.00%,,,,,,,,,,,,,,,0.00%,,,,,,,,,,,,,,,,,,0.00%,,,,,,,,,,,,,,,0.00%
,,,,,,,,,,,,,,0.00%,,,,,,,,,,,,,,,,0.00%,,,,,,,,,,,,,,,0.00%,,,,,,,,,,,,,,,,,,0.00%,,,,,,,,,,,,,,,0.00%
,,,,,,,,,,,,,,0.00%,,,,,,,,,,,,,,,,0.00%,,,,,,,,,,,,,,,0.00%,,,,,,,,,,,,,,,,,,0.00%,,,,,,,,,,,,,,,0.00%
,,,,,,,,,,,,,,0.00%,,,,,,,,,,,,,,,,0.00%,,,,,,,,,,,,,,,0.00%,,,,,,,,,,,,,,,,,,0.00%,,,,,,,,,,,,,,,0.00%
,,,,,,,,,,,,,,0.00%,,,,,,,,,,,,,,,,0.00%,,,,,,,,,,,,,,,0.00%,,,,,,,,,,,,,,,,,,0.00%,,,,,,,,,,,,,,,0.00%
,,,,,,,,,,,,,,0.00%,,,,,,,,,,,,,,,,0.00%,,,,,,,,,,,,,,,0.00%,,,,,,,,,,,,,,,,,,0.00%,,,,,,,,,,,,,,,0.00%
,,,,,,,,,,,,,,0.00%,,,,,,,,,,,,,,,,0.00%,,,,,,,,,,,,,,,0.00%,,,,,,,,,,,,,,,,,,0.00%,,,,,,,,,,,,,,,0.00%
,,,,,,,,,,,,,,0.00%,,,,,,,,,,,,,,,,0.00%,,,,,,,,,,,,,,,0.00%,,,,,,,,,,,,,,,,,,0.00%,,,,,,,,,,,,,,,0.00%
,,,,,,,,,,,,,,0.00%,,,,,,,,,,,,,,,,0.00%,,,,,,,,,,,,,,,0.00%,,,,,,,,,,,,,,,,,,0.00%,,,,,,,,,,,,,,,0.00%
,,,,,,,,,,,,,,0.00%,,,,,,,,,,,,,,,,0.00%,,,,,,,,,,,,,,,0.00%,,,,,,,,,,,,,,,,,,0.00%,,,,,,,,,,,,,,,0.00%
,,,,,,,,,,,,,,0.00%,,,,,,,,,,,,,,,,0.00%,,,,,,,,,,,,,,,0.00%,,,,,,,,,,,,,,,,,,0.00%,,,,,,,,,,,,,,,0.00%
,,,,,,,,,,,,,,0.00%,,,,,,,,,,,,,,,,0.00%,,,,,,,,,,,,,,,0.00%,,,,,,,,,,,,,,,,,,0.00%,,,,,,,,,,,,,,,0.00%
,,,,,,,,,,,,,,0.00%,,,,,,,,,,,,,,,,0.00%,,,,,,,,,,,,,,,0.00%,,,,,,,,,,,,,,,,,,0.00%,,,,,,,,,,,,,,,0.00%
,,,,,,,,,,,,,,0.00%,,,,,,,,,,,,,,,,0.00%,,,,,,,,,,,,,,,0.00%,,,,,,,,,,,,,,,,,,0.00%,,,,,,,,,,,,,,,0.00%
,,,,,,,,,,,,,,0.00%,,,,,,,,,,,,,,,,0.00%,,,,,,,,,,,,,,,0.00%,,,,,,,,,,,,,,,,,,0.00%,,,,,,,,,,,,,,,0.00%
,,,,,,,,,,,,,,0.00%,,,,,,,,,,,,,,,,0.00%,,,,,,,,,,,,,,,0.00%,,,,,,,,,,,,,,,,,,0.00%,,,,,,,,,,,,,,,0.00%
,,,,,,,,,,,,,,0.00%,,,,,,,,,,,,,,,,0.00%,,,,,,,,,,,,,,,0.00%,,,,,,,,,,,,,,,,,,0.00%,,,,,,,,,,,,,,,0.00%
,,,,,,,,,,,,,,0.00%,,,,,,,,,,,,,,,,0.00%,,,,,,,,,,,,,,,0.00%,,,,,,,,,,,,,,,,,,0.00%,,,,,,,,,,,,,,,0.00%
,,,,,,,,,,,,,,0.00%,,,,,,,,,,,,,,,,0.00%,,,,,,,,,,,,,,,0.00%,,,,,,,,,,,,,,,,,,0.00%,,,,,,,,,,,,,,,0.00%
,,,,,,,,,,,,,,0.00%,,,,,,,,,,,,,,,,0.00%,,,,,,,,,,,,,,,0.00%,,,,,,,,,,,,,,,,,,0.00%,,,,,,,,,,,,,,,0.00%
,,,,,,,,,,,,,,0.00%,,,,,,,,,,,,,,,,0.00%,,,,,,,,,,,,,,,0.00%,,,,,,,,,,,,,,,,,,0.00%,,,,,,,,,,,,,,,0.00%
,,,,,,,,,,,,,,0.00%,,,,,,,,,,,,,,,,0.00%,,,,,,,,,,,,,,,0.00%,,,,,,,,,,,,,,,,,,0.00%,,,,,,,,,,,,,,,0.00%
,,,,,,,,,,,,,,0.00%,,,,,,,,,,,,,,,,0.00%,,,,,,,,,,,,,,,0.00%,,,,,,,,,,,,,,,,,,0.00%,,,,,,,,,,,,,,,0.00%
,,,,,,,,,,,,,,0.00%,,,,,,,,,,,,,,,,0.00%,,,,,,,,,,,,,,,0.00%,,,,,,,,,,,,,,,,,,0.00%,,,,,,,,,,,,,,,0.00%
,,,,,,,,,,,,,,0.00%,,,,,,,,,,,,,,,,0.00%,,,,,,,,,,,,,,,0.00%,,,,,,,,,,,,,,,,,,0.00%,,,,,,,,,,,,,,,0.00%
,,,,,,,,,,,,,,0.00%,,,,,,,,,,,,,,,,0.00%,,,,,,,,,,,,,,,0.00%,,,,,,,,,,,,,,,,,,0.00%,,,,,,,,,,,,,,,0.00%
,,,,,,,,,,,,,,0.00%,,,,,,,,,,,,,,,,0.00%,,,,,,,,,,,,,,,0.00%,,,,,,,,,,,,,,,,,,0.00%,,,,,,,,,,,,,,,0.00%
,,,,,,,,,,,,,,0.00%,,,,,,,,,,,,,,,,0.00%,,,,,,,,,,,,,,,0.00%,,,,,,,,,,,,,,,,,,0.00%,,,,,,,,,,,,,,,0.00%
,,,,,,,,,,,,,,0.00%,,,,,,,,,,,,,,,,0.00%,,,,,,,,,,,,,,,0.00%,,,,,,,,,,,,,,,,,,0.00%,,,,,,,,,,,,,,,0.00%
,,,,,,,,,,,,,,0.00%,,,,,,,,,,,,,,,,0.00%,,,,,,,,,,,,,,,0.00%,,,,,,,,,,,,,,,,,,0.00%,,,,,,,,,,,,,,,0.00%
,,,,,,,,,,,,,,0.00%,,,,,,,,,,,,,,,,0.00%,,,,,,,,,,,,,,,0.00%,,,,,,,,,,,,,,,,,,0.00%,,,,,,,,,,,,,,,0.00%
,,,,,,,,,,,,,,0.00%,,,,,,,,,,,,,,,,0.00%,,,,,,,,,,,,,,,0.00%,,,,,,,,,,,,,,,,,,0.00%,,,,,,,,,,,,,,,0.00%
,,,,,,,,,,,,,,0.00%,,,,,,,,,,,,,,,,0.00%,,,,,,,,,,,,,,,0.00%,,,,,,,,,,,,,,,,,,0.00%,,,,,,,,,,,,,,,0.00%
,,,,,,,,,,,,,,0.00%,,,,,,,,,,,,,,,,0.00%,,,,,,,,,,,,,,,0.00%,,,,,,,,,,,,,,,,,,0.00%,,,,,,,,,,,,,,,0.00%
,,,,,,,,,,,,,,0.00%,,,,,,,,,,,,,,,,0.00%,,,,,,,,,,,,,,,0.00%,,,,,,,,,,,,,,,,,,0.00%,,,,,,,,,,,,,,,0.00%
,,,,,,,,,,,,,,0.00%,,,,,,,,,,,,,,,,0.00%,,,,,,,,,,,,,,,0.00%,,,,,,,,,,,,,,,,,,0.00%,,,,,,,,,,,,,,,0.00%
,,,,,,,,,,,,,,0.00%,,,,,,,,,,,,,,,,0.00%,,,,,,,,,,,,,,,0.00%,,,,,,,,,,,,,,,,,,0.00%,,,,,,,,,,,,,,,0.00%
,,,,,,,,,,,,,,0.00%,,,,,,,,,,,,,,,,0.00%,,,,,,,,,,,,,,,0.00%,,,,,,,,,,,,,,,,,,0.00%,,,,Matter - Its Nature and Behaviour,123,224,,,,,,,,224,25.00%
,,,,,,,,,,,,,,0.00%,,,,,,,,,,,,,,,,0.00%,,,,,,,,,,,,,,,0.00%,,,,,,,,,,,,,,,,,,0.00%,,,,Organization in the Living World ,124,225,,,,,,,,225,0.00%
,,,,,,,,,,,,,,0.00%,,,,,,,,,,,,,,,,0.00%,,,,,,,,,,,,,,,0.00%,,,,,,,,,,,,,,,,,,0.00%,,,,"Motion, Force and Work",125,226,,,,,,,,226,100.00%
,,,,,,,,,,,,,,0.00%,,,,,,,,,,,,,,,,0.00%,,,,,,,,,,,,,,,0.00%,,,,,,,,,,,,,,,,,,0.00%,,,,Geometry,126,227,,,,,,,,227,0.00%
,,,,,,,,,,,,,,0.00%,,,,,,,,,,,,,,,,0.00%,,,,,,,,,,,,,,,0.00%,,,,,,,,,,,,,,,,,,0.00%,,,,Triangles,127,228,,,,,,,,228,0.00%
,,,,,,,,,,,,,,0.00%,,,,,,,,,,,,,,,,0.00%,,,,,,,,,,,,,,,0.00%,,,,,,,,,,,,,,,,,,0.00%,,,,,,,,,,,,,,,0.00%
,,,,,,,,,,,,,,0.00%,,,,,,,,,,,,,,,,0.00%,,,,,,,,,,,,,,,0.00%,,,,,,,,,,,,,,,,,,0.00%,,,,,,,,,,,,,,,0.00%
,,,,,,,,,,,,,,0.00%,,,,,,,,,,,,,,,,0.00%,,,,,,,,,,,,,,,0.00%,,,,,,,,,,,,,,,,,,0.00%,,,,,,,,,,,,,,,0.00%
,,,,,,,,,,,,,,0.00%,,,,,,,,,,,,,,,,0.00%,,,,,,,,,,,,,,,0.00%,,,,,,,,,,,,,,,,,,0.00%,,,,,,,,,,,,,,,0.00%
,,,,,,,,,,,,,,0.00%,,,,,,,,,,,,,,,,0.00%,,,,,,,,,,,,,,,0.00%,,,,,,,,,,,,,,,,,,0.00%,,,,,,,,,,,,,,,0.00%
,,,,,,,,,,,,,,0.00%,,,,,,,,,,,,,,,,0.00%,,,,,,,,,,,,,,,0.00%,,,,,,,,,,,,,,,,,,0.00%,,,,,,,,,,,,,,,0.00%
,,,,,,,,,,,,,,0.00%,,,,,,,,,,,,,,,,0.00%,,,,,,,,,,,,,,,0.00%,,,,,,,,,,,,,,,,,,0.00%,,,,,,,,,,,,,,,0.00%
,,,,,,,,,,,,,,0.00%,,,,,,,,,,,,,,,,0.00%,,,,,,,,,,,,,,,0.00%,,,,,,,,,,,,,,,,,,0.00%,,,,,,,,,,,,,,,
,,,,,,,,,,,,,,0.00%,,,,,,,,,,,,,,,,0.00%,,,,,,,,,,,,,,,0.00%,,,,,,,,,,,,,,,,,,0.00%,,,,,,,,,,,,,,,
,,,,,,,,,,,,,,0.00%,,,,,,,,,,,,,,,,0.00%,,,,,,,,,,,,,,,0.00%,,,,,,,,,,,,,,,,,,0.00%,,,,,,,,,,,,,,,
,,,,,,,,,,,,,,0.00%,,,,,,,,,,,,,,,,0.00%,,,,,,,,,,,,,,,0.00%,,,,,,,,,,,,,,,,,,0.00%,,,,,,,,,,,,,,,
,,,,,,,,,,,,,,0.00%,,,,,,,,,,,,,,,,0.00%,,,,,,,,,,,,,,,0.00%,,,,,,,,,,,,,,,,,,0.00%,,,,,,,,,,,,,,,
,,,,,,,,,,,,,,0.00%,,,,,,,,,,,,,,,,0.00%,,,,,,,,,,,,,,,0.00%,,,,,,,,,,,,,,,,,,0.00%,,,,,,,,,,,,,,,
,,,,,,,,,,,,,,0.00%,,,,,,,,,,,,,,,,0.00%,,,,,,,,,,,,,,,0.00%,,,,,,,,,,,,,,,,,,0.00%,,,,,,,,,,,,,,,
,,,,,,,,,,,,,,0.00%,,,,,,,,,,,,,,,,0.00%,,,,,,,,,,,,,,,0.00%,,,,,,,,,,,,,,,,,,0.00%,,,,,,,,,,,,,,,
,,,,,,,,,,,,,,0.00%,,,,,,,,,,,,,,,,0.00%,,,,,,,,,,,,,,,0.00%,,,,,,,,,,,,,,,,,,0.00%,,,,,,,,,,,,,,,
,,,,,,,,,,,,,,0.00%,,,,,,,,,,,,,,,,0.00%,,,,,,,,,,,,,,,0.00%,,,,,,,,,,,,,,,,,,0.00%,,,,,,,,,,,,,,,
,,,,,,,,,,,,,,0.00%,,,,,,,,,,,,,,,,0.00%,,,,,,,,,,,,,,,0.00%,,,,,,,,,,,,,,,,,,0.00%,,,,,,,,,,,,,,,
,,,,,,,,,,,,,,0.00%,,,,,,,,,,,,,,,,0.00%,,,,,,,,,,,,,,,0.00%,,,,,,,,,,,,,,,,,,0.00%,,,,,,,,,,,,,,,
,,,,,,,,,,,,,,0.00%,,,,,,,,,,,,,,,,,,,,,,,,,,,,,,,0.00%,,,,,,,,,,,,,,,,,,,,,,,,,,,,,,,,,
,,,,,,,,,,,,,,0.00%,,,,,,,,,,,,,,,,,,,,,,,,,,,,,,,0.00%,,,,,,,,,,,,,,,,,,,,,,,,,,,,,,,,,
,,,,,,,,,,,,,,0.00%,,,,,,,,,,,,,,,,,,,,,,,,,,,,,,,0.00%,,,,,,,,,,,,,,,,,,,,,,,,,,,,,,,,,
,,,,,,,,,,,,,,0.00%,,,,,,,,,,,,,,,,,,,,,,,,,,,,,,,0.00%,,,,,,,,,,,,,,,,,,,,,,,,,,,,,,,,,
,,,,,,,,,,,,,,,,,,,,,,,,,,,,,,,,,,,,,,,,,,,,,0.00%,,,,,,,,,,,,,,,,,,,,,,,,,,,,,,,,,
,,,,,,,,,,,,,,,,,,,,,,,,,,,,,,,,,,,,,,,,,,,,,0.00%,,,,,,,,,,,,,,,,,,,,,,,,,,,,,,,,,
,,,,,,,,,,,,,,,,,,,,,,,,,,,,,,,,,,,,,,,,,,,,,0.00%,,,,,,,,,,,,,,,,,,,,,,,,,,,,,,,,,
,,,,,,,,,,,,,,,,,,,,,,,,,,,,,,,,,,,,,,,,,,,,,0.00%,,,,,,,,,,,,,,,,,,,,,,,,,,,,,,,,,
,,,,,,,,,,,,,,,,,,,,,,,,,,,,,,,,,,,,,,,,,,,,,0.00%,,,,,,,,,,,,,,,,,,,,,,,,,,,,,,,,,
,,,,,,,,,,,,,,,,,,,,,,,,,,,,,,,,,,,,,,,,,,,,,0.00%,,,,,,,,,,,,,,,,,,,,,,,,,,,,,,,,,
,,,,,,,,,,,,,,,,,,,,,,,,,,,,,,,,,,,,,,,,,,,,,0.00%,,,,,,,,,,,,,,,,,,,,,,,,,,,,,,,,,
,,,,,,,,,,,,,,,,,,,,,,,,,,,,,,,,,,Matter - Its Nature and Behaviour,,,,,,,,,,,25.00%,,,,,,,,,,,,,,,,,,,,,,,,,,,,,,,,,
,,,,,,,,,,,,,,,,,,,,,,,,,,,,,,,,,,Organization in the Living World ,,,,,,,,,,,0.00%,,,,,,,,,,,,,,,,,,,,,,,,,,,,,,,,,
,,,,,,,,,,,,,,,,,,,,,,,,,,,,,,,,,,"Motion, Force and Work",,,,,,,,,,,100.00%,,,,,,,,,,,,,,,,,,,,,,,,,,,,,,,,,
,,,,,,,,,,,,,,,,,,,,,,,,,,,,,,,,,,,,,,,,,,,,,0.00%,,,,,,,,,,,,,,,,,,,,,,,,,,,,,,,,,
,,,,,,,,,,,,,,,,,,,,,,,,,,,,,,,,,,,,,,,,,,,,,0.00%,,,,,,,,,,,,,,,,,,,,,,,,,,,,,,,,,
,,,,,,,,,,,,,,,,,,,,,,,,,,,,,,,,,,,,,,,,,,,,,0.00%,,,,,,,,,,,,,,,,,,,,,,,,,,,,,,,,,
,,,,,,,,,,,,,,,,,,,,,,,,,,,,,,,,,,,,,,,,,,,,,0.00%,,,,,,,,,,,,,,,,,,,,,,,,,,,,,,,,,
,,,,,,,,,,,,,,,,,,,,,,,,,,,,,,,,,,,,,,,,,,,,,0.00%,,,,,,,,,,,,,,,,,,,,,,,,,,,,,,,,,
,,,,,,,,,,,,,,,,,,,,,,,,,,,,,,,,,,,,,,,,,,,,,,,,,,,,,,,,,,,,,,,,,,,,,,,,,,,,,,
,,,,,,,,,,,,,,,,,,,,,,,,,,,,,,,,,,,,,,,,,,,,,,,,,,,,,,,,,,,,,,,,,,,,,,,,,,,,,,
,,,,,,,,,,,,,,,,,,,,,,,,,,,,,,,,,,,,,,,,,,,,,,,,,,,,,,,,,,,,,,,,,,,,,,,,,,,,,,
Matter - Its Nature and Behaviour,,,,,,,,,,,,,,,,,,,,,,,,,,,,,,,,,,,,,,,,,,,,,,,,,,,,,,,,,,,,,,,,,,,,,,,,,,,,,,
Organization in the Living World ,,,,,,,,,,,,,,,,,,,,,,,,,,,,,,,,,,,,,,,,,,,,,,,,,,,,,,,,,,,,,,,,,,,,,,,,,,,,,,
"Motion, Force and Work",,,,,,,,,,,,,,,,,,,,,,,,,,,,,,,,,,,,,,,,,,,,,,,,,,,,,,,,,,,,,,,,,,,,,,,,,,,,,,